X,Y
1023,0
739,1
740,1
741,1
742,1
832,1
833,1
834,1
835,1
878,1
879,1
880,1
881,1
882,1
884,1
885,1
893,1
894,1
895,1
896,1
897,1
898,1
899,1
900,1
901,1
902,1
903,1
904,1
934,1
935,1
937,1
938,1
939,1
940,1
941,1
942,1
943,1
944,1
945,1
952,1
953,1
959,1
960,1
961,1
962,1
963,1
964,1
965,1
966,1
967,1
968,1
969,1
970,1
971,1
972,1
973,1
974,1
975,1
976,1
977,1
978,1
979,1
980,1
981,1
982,1
983,1
984,1
985,1
986,1
987,1
988,1
989,1
990,1
991,1
992,1
993,1
994,1
995,1
996,1
997,1
998,1
999,1
1000,1
1001,1
1002,1
1003,1
1004,1
1023,1
38,2
39,2
40,2
42,2
43,2
44,2
45,2
46,2
47,2
48,2
49,2
50,2
51,2
52,2
53,2
54,2
55,2
58,2
59,2
65,2
66,2
67,2
70,2
74,2
75,2
76,2
77,2
78,2
88,2
89,2
90,2
91,2
92,2
107,2
108,2
109,2
110,2
114,2
115,2
130,2
131,2
132,2
133,2
134,2
238,2
239,2
240,2
241,2
264,2
265,2
266,2
267,2
268,2
269,2
270,2
271,2
272,2
273,2
274,2
275,2
276,2
277,2
278,2
279,2
294,2
295,2
296,2
297,2
298,2
302,2
313,2
314,2
315,2
354,2
355,2
356,2
734,2
735,2
736,2
737,2
776,2
777,2
778,2
779,2
780,2
781,2
782,2
828,2
829,2
830,2
831,2
847,2
848,2
849,2
850,2
936,2
937,2
973,2
974,2
975,2
976,2
977,2
978,2
979,2
980,2
981,2
982,2
983,2
984,2
985,2
991,2
992,2
993,2
994,2
995,2
997,2
998,2
999,2
1000,2
1001,2
1002,2
1003,2
1004,2
1008,2
1009,2
1010,2
1011,2
1023,2
22,3
23,3
24,3
25,3
26,3
27,3
28,3
29,3
30,3
31,3
32,3
33,3
34,3
35,3
36,3
37,3
38,3
39,3
40,3
41,3
42,3
43,3
44,3
45,3
55,3
56,3
57,3
58,3
59,3
60,3
61,3
62,3
63,3
64,3
65,3
66,3
67,3
68,3
69,3
70,3
71,3
72,3
73,3
74,3
75,3
76,3
77,3
78,3
80,3
81,3
82,3
83,3
84,3
85,3
86,3
87,3
88,3
99,3
100,3
101,3
102,3
103,3
104,3
105,3
106,3
111,3
112,3
144,3
145,3
146,3
147,3
148,3
153,3
154,3
155,3
156,3
157,3
160,3
186,3
187,3
188,3
189,3
190,3
191,3
192,3
193,3
194,3
195,3
196,3
197,3
198,3
199,3
210,3
211,3
212,3
213,3
214,3
215,3
216,3
217,3
218,3
219,3
220,3
221,3
222,3
223,3
224,3
225,3
226,3
227,3
228,3
257,3
258,3
259,3
310,3
311,3
419,3
515,3
516,3
517,3
1005,3
1006,3
1007,3
1008,3
1009,3
1010,3
1011,3
1012,3
1013,3
1014,3
1023,3
12,4
13,4
14,4
15,4
16,4
18,4
19,4
182,4
232,4
1009,4
1011,4
1012,4
1013,4
1014,4
1015,4
1023,4
8,5
12,5
1011,5
1012,5
1014,5
1015,5
1016,5
1017,5
1023,5
8,6
9,6
1015,6
1016,6
1017,6
1018,6
1023,6
8,7
1016,7
1017,7
1018,7
1019,7
1023,7
1018,8
1019,8
1023,8
1018,9
1019,9
1020,9
1019,10
1020,12
1021,12
1021,13
1022,13
1021,14
1022,14
1023,14
1021,15
1022,15
1023,15
1021,16
1022,16
1023,16
1021,17
1022,17
1023,17
1021,18
1022,18
1023,18
1021,19
1022,19
1023,19
1021,20
1022,20
1023,20
1021,21
1022,21
1023,21
1021,22
1022,22
937,23
938,23
1021,23
1022,23
941,24
1021,24
1022,24
942,25
1021,25
1022,25
1021,26
1022,26
1021,27
1022,27
1021,28
1022,28
1021,29
1022,29
1021,30
1022,30
1021,31
1022,31
1021,32
1022,32
1021,33
1022,33
1021,34
1022,34
1021,35
1022,35
1021,36
1022,36
851,37
852,37
1021,37
1022,37
848,38
849,38
850,38
851,38
852,38
1021,38
1022,38
1021,39
1022,39
1021,40
1022,40
1021,41
1022,41
1021,42
1022,42
1021,43
1022,43
1021,44
1022,44
183,45
184,45
185,45
186,45
187,45
188,45
189,45
190,45
191,45
192,45
193,45
194,45
195,45
196,45
197,45
1021,45
1022,45
180,46
181,46
182,46
183,46
184,46
185,46
186,46
187,46
188,46
189,46
190,46
191,46
192,46
193,46
194,46
195,46
196,46
197,46
198,46
199,46
200,46
1022,46
176,47
177,47
178,47
179,47
180,47
181,47
182,47
183,47
197,47
198,47
199,47
200,47
201,47
202,47
1022,47
174,48
175,48
176,48
177,48
178,48
179,48
180,48
181,48
197,48
198,48
199,48
200,48
201,48
202,48
203,48
1022,48
171,49
172,49
173,49
174,49
175,49
176,49
177,49
199,49
200,49
201,49
202,49
203,49
204,49
1022,49
167,50
168,50
169,50
170,50
171,50
172,50
173,50
201,50
202,50
203,50
204,50
205,50
206,50
1022,50
166,51
167,51
168,51
169,51
170,51
171,51
172,51
202,51
203,51
204,51
205,51
206,51
207,51
1022,51
163,52
164,52
165,52
166,52
167,52
168,52
203,52
204,52
205,52
206,52
207,52
208,52
1021,52
1022,52
161,53
162,53
163,53
164,53
165,53
166,53
205,53
206,53
207,53
208,53
209,53
210,53
1021,53
1022,53
159,54
160,54
161,54
162,54
163,54
164,54
165,54
205,54
206,54
207,54
208,54
209,54
210,54
211,54
1021,54
1022,54
158,55
159,55
160,55
161,55
162,55
163,55
164,55
207,55
208,55
209,55
210,55
211,55
212,55
1021,55
1022,55
156,56
157,56
158,56
159,56
160,56
161,56
208,56
209,56
210,56
211,56
212,56
1021,56
1022,56
154,57
155,57
156,57
157,57
158,57
159,57
160,57
209,57
210,57
211,57
212,57
213,57
1021,57
1022,57
153,58
154,58
155,58
156,58
157,58
158,58
159,58
210,58
211,58
212,58
213,58
1021,58
1022,58
152,59
153,59
154,59
155,59
156,59
157,59
210,59
211,59
212,59
213,59
214,59
800,59
801,59
1021,59
1022,59
151,60
152,60
153,60
154,60
211,60
212,60
213,60
214,60
948,60
1021,60
1022,60
149,61
150,61
151,61
152,61
153,61
154,61
212,61
213,61
214,61
215,61
1021,61
1022,61
147,62
148,62
149,62
150,62
151,62
152,62
153,62
213,62
214,62
1022,62
145,63
146,63
147,63
148,63
149,63
150,63
151,63
214,63
215,63
783,63
1022,63
144,64
145,64
146,64
147,64
148,64
149,64
150,64
214,64
215,64
216,64
1022,64
143,65
144,65
145,65
146,65
147,65
214,65
215,65
216,65
1022,65
142,66
143,66
144,66
145,66
146,66
214,66
215,66
216,66
217,66
1022,66
140,67
141,67
142,67
143,67
144,67
145,67
214,67
215,67
216,67
217,67
218,67
140,68
141,68
142,68
143,68
144,68
214,68
215,68
216,68
217,68
218,68
138,69
139,69
140,69
141,69
142,69
143,69
214,69
215,69
216,69
217,69
218,69
219,69
220,69
138,70
139,70
140,70
141,70
142,70
214,70
215,70
216,70
217,70
218,70
219,70
220,70
136,71
137,71
138,71
139,71
140,71
216,71
217,71
218,71
219,71
220,71
1022,71
135,72
136,72
137,72
138,72
139,72
216,72
217,72
218,72
219,72
220,72
1022,72
134,73
135,73
136,73
137,73
138,73
139,73
216,73
217,73
218,73
219,73
220,73
1022,73
132,74
133,74
134,74
135,74
136,74
137,74
138,74
216,74
217,74
218,74
219,74
220,74
1021,74
1022,74
130,75
131,75
132,75
133,75
134,75
135,75
136,75
137,75
217,75
218,75
219,75
220,75
221,75
1021,75
1022,75
129,76
130,76
131,76
132,76
133,76
134,76
135,76
136,76
217,76
218,76
219,76
220,76
221,76
1021,76
1022,76
128,77
129,77
130,77
131,77
132,77
133,77
134,77
217,77
218,77
219,77
220,77
221,77
222,77
1022,77
127,78
128,78
129,78
130,78
131,78
132,78
218,78
219,78
220,78
221,78
222,78
1021,78
1022,78
126,79
127,79
128,79
129,79
130,79
218,79
219,79
220,79
221,79
222,79
1021,79
1022,79
125,80
126,80
127,80
128,80
129,80
219,80
220,80
221,80
222,80
1021,80
1022,80
124,81
125,81
126,81
127,81
128,81
219,81
220,81
221,81
222,81
223,81
1021,81
1022,81
123,82
124,82
125,82
126,82
219,82
220,82
221,82
222,82
223,82
1021,82
1022,82
122,83
123,83
124,83
125,83
126,83
220,83
221,83
222,83
223,83
1021,83
1022,83
121,84
122,84
123,84
124,84
125,84
220,84
221,84
222,84
223,84
1022,84
119,85
120,85
121,85
122,85
123,85
124,85
220,85
221,85
222,85
223,85
1022,85
118,86
119,86
120,86
121,86
122,86
221,86
222,86
223,86
224,86
1022,86
117,87
118,87
119,87
120,87
121,87
221,87
222,87
223,87
224,87
225,87
1022,87
114,88
115,88
116,88
117,88
118,88
119,88
221,88
222,88
223,88
224,88
225,88
1022,88
112,89
113,89
114,89
115,89
116,89
117,89
118,89
221,89
222,89
223,89
224,89
225,89
1022,89
111,90
112,90
113,90
114,90
115,90
116,90
117,90
118,90
222,90
223,90
224,90
225,90
226,90
1022,90
110,91
111,91
112,91
113,91
114,91
115,91
116,91
222,91
223,91
224,91
225,91
226,91
1022,91
110,92
111,92
112,92
113,92
114,92
115,92
223,92
224,92
225,92
226,92
227,92
1022,92
108,93
109,93
110,93
111,93
112,93
113,93
114,93
224,93
225,93
226,93
227,93
1022,93
107,94
108,94
109,94
110,94
111,94
112,94
113,94
224,94
225,94
226,94
227,94
1022,94
107,95
108,95
109,95
110,95
111,95
224,95
225,95
226,95
227,95
1022,95
105,96
106,96
107,96
108,96
109,96
110,96
225,96
226,96
227,96
228,96
1022,96
103,97
104,97
105,97
106,97
107,97
108,97
109,97
225,97
226,97
227,97
228,97
1022,97
102,98
103,98
104,98
105,98
106,98
107,98
108,98
225,98
226,98
227,98
228,98
1022,98
101,99
102,99
103,99
104,99
105,99
106,99
107,99
225,99
226,99
227,99
228,99
229,99
1022,99
100,100
101,100
102,100
103,100
104,100
105,100
225,100
226,100
227,100
228,100
229,100
1022,100
99,101
100,101
101,101
102,101
103,101
104,101
226,101
227,101
228,101
229,101
1022,101
98,102
99,102
100,102
101,102
102,102
103,102
225,102
226,102
227,102
228,102
229,102
230,102
1022,102
96,103
97,103
98,103
99,103
100,103
101,103
102,103
213,103
214,103
215,103
216,103
217,103
218,103
219,103
220,103
221,103
222,103
223,103
224,103
225,103
226,103
227,103
228,103
229,103
230,103
1022,103
94,104
95,104
96,104
97,104
98,104
99,104
100,104
101,104
205,104
206,104
207,104
208,104
209,104
210,104
211,104
212,104
213,104
214,104
215,104
216,104
217,104
218,104
219,104
220,104
221,104
222,104
223,104
224,104
225,104
226,104
227,104
228,104
229,104
1022,104
93,105
94,105
95,105
96,105
97,105
98,105
99,105
100,105
198,105
199,105
200,105
201,105
202,105
203,105
204,105
205,105
206,105
207,105
208,105
209,105
210,105
211,105
212,105
213,105
214,105
215,105
216,105
217,105
218,105
219,105
220,105
221,105
222,105
223,105
224,105
225,105
226,105
227,105
228,105
1022,105
92,106
93,106
94,106
95,106
96,106
97,106
98,106
191,106
192,106
193,106
194,106
195,106
196,106
197,106
198,106
199,106
200,106
201,106
202,106
203,106
204,106
205,106
206,106
207,106
208,106
209,106
210,106
211,106
212,106
213,106
214,106
215,106
1022,106
91,107
92,107
93,107
94,107
95,107
96,107
97,107
186,107
187,107
188,107
189,107
190,107
191,107
192,107
193,107
194,107
195,107
196,107
197,107
198,107
199,107
200,107
201,107
202,107
203,107
204,107
205,107
206,107
207,107
210,107
211,107
212,107
1022,107
90,108
91,108
92,108
93,108
94,108
95,108
185,108
186,108
187,108
188,108
189,108
190,108
191,108
192,108
193,108
194,108
195,108
196,108
197,108
198,108
199,108
200,108
201,108
202,108
203,108
204,108
1022,108
88,109
89,109
90,109
91,109
92,109
93,109
94,109
181,109
182,109
183,109
184,109
185,109
186,109
187,109
188,109
189,109
190,109
191,109
192,109
193,109
194,109
1022,109
87,110
88,110
89,110
90,110
91,110
92,110
179,110
180,110
181,110
182,110
183,110
184,110
185,110
186,110
187,110
188,110
189,110
190,110
191,110
192,110
1022,110
85,111
86,111
87,111
88,111
89,111
90,111
91,111
175,111
176,111
177,111
178,111
179,111
180,111
181,111
182,111
183,111
184,111
185,111
186,111
1022,111
84,112
85,112
86,112
87,112
88,112
89,112
174,112
175,112
176,112
177,112
178,112
179,112
180,112
181,112
182,112
1022,112
83,113
84,113
85,113
86,113
87,113
88,113
170,113
171,113
172,113
173,113
174,113
175,113
176,113
177,113
178,113
179,113
1022,113
81,114
82,114
83,114
84,114
85,114
86,114
168,114
169,114
170,114
171,114
172,114
173,114
174,114
175,114
1022,114
79,115
80,115
81,115
82,115
83,115
84,115
85,115
165,115
166,115
167,115
168,115
169,115
170,115
171,115
172,115
1022,115
78,116
79,116
80,116
81,116
82,116
83,116
84,116
162,116
163,116
164,116
165,116
166,116
167,116
168,116
1022,116
76,117
77,117
78,117
79,117
80,117
81,117
82,117
83,117
160,117
161,117
162,117
163,117
164,117
165,117
1022,117
75,118
76,118
77,118
78,118
79,118
80,118
81,118
155,118
156,118
157,118
158,118
159,118
160,118
161,118
163,118
164,118
1022,118
76,119
77,119
78,119
150,119
151,119
152,119
153,119
154,119
155,119
156,119
157,119
158,119
159,119
160,119
161,119
1022,119
93,120
94,120
95,120
148,120
149,120
150,120
151,120
152,120
153,120
154,120
155,120
156,120
157,120
160,120
161,120
1022,120
92,121
93,121
94,121
95,121
145,121
146,121
147,121
148,121
149,121
150,121
151,121
152,121
153,121
154,121
155,121
156,121
1022,121
92,122
93,122
94,122
95,122
143,122
144,122
145,122
146,122
147,122
148,122
149,122
150,122
151,122
152,122
153,122
1022,122
92,123
93,123
94,123
140,123
141,123
142,123
143,123
144,123
145,123
146,123
147,123
148,123
149,123
150,123
1022,123
92,124
93,124
94,124
137,124
138,124
139,124
140,124
141,124
142,124
143,124
144,124
145,124
146,124
147,124
148,124
149,124
1022,124
92,125
93,125
94,125
134,125
135,125
136,125
137,125
138,125
139,125
140,125
141,125
142,125
143,125
144,125
1022,125
92,126
93,126
94,126
131,126
132,126
133,126
134,126
135,126
136,126
137,126
138,126
139,126
140,126
141,126
142,126
1022,126
92,127
93,127
94,127
129,127
130,127
131,127
132,127
133,127
134,127
135,127
136,127
137,127
138,127
139,127
1022,127
92,128
93,128
94,128
125,128
126,128
127,128
128,128
129,128
130,128
131,128
132,128
133,128
134,128
135,128
136,128
137,128
1022,128
91,129
92,129
93,129
94,129
122,129
123,129
124,129
125,129
126,129
127,129
128,129
129,129
130,129
131,129
132,129
133,129
134,129
135,129
1022,129
91,130
92,130
93,130
94,130
95,130
121,130
122,130
123,130
124,130
125,130
126,130
127,130
128,130
129,130
130,130
131,130
1022,130
90,131
91,131
92,131
93,131
94,131
95,131
118,131
119,131
120,131
121,131
122,131
123,131
124,131
125,131
126,131
127,131
1022,131
90,132
91,132
92,132
93,132
94,132
115,132
116,132
117,132
118,132
119,132
120,132
121,132
122,132
123,132
124,132
125,132
1022,132
90,133
91,133
92,133
93,133
112,133
113,133
114,133
115,133
116,133
117,133
118,133
119,133
120,133
121,133
122,133
1022,133
89,134
90,134
91,134
92,134
93,134
109,134
110,134
111,134
112,134
113,134
114,134
115,134
116,134
117,134
118,134
119,134
120,134
1022,134
89,135
90,135
91,135
92,135
93,135
107,135
108,135
109,135
110,135
111,135
112,135
113,135
114,135
115,135
116,135
117,135
118,135
1022,135
89,136
90,136
91,136
92,136
105,136
106,136
107,136
108,136
109,136
110,136
111,136
112,136
113,136
114,136
115,136
1022,136
89,137
90,137
91,137
92,137
101,137
102,137
103,137
104,137
105,137
106,137
107,137
108,137
109,137
110,137
111,137
112,137
1022,137
89,138
90,138
91,138
92,138
98,138
99,138
100,138
101,138
102,138
103,138
104,138
105,138
106,138
107,138
108,138
1022,138
89,139
90,139
91,139
92,139
95,139
96,139
97,139
98,139
99,139
100,139
101,139
102,139
103,139
104,139
105,139
106,139
1022,139
88,140
89,140
90,140
91,140
92,140
93,140
94,140
95,140
96,140
97,140
98,140
99,140
100,140
101,140
102,140
103,140
104,140
1022,140
88,141
89,141
90,141
91,141
92,141
93,141
94,141
95,141
96,141
97,141
98,141
99,141
100,141
84,142
85,142
86,142
87,142
88,142
89,142
90,142
91,142
92,142
93,142
94,142
95,142
96,142
97,142
64,143
65,143
66,143
67,143
68,143
69,143
70,143
71,143
72,143
80,143
81,143
82,143
83,143
84,143
85,143
86,143
87,143
88,143
89,143
90,143
91,143
92,143
93,143
94,143
64,144
65,144
66,144
67,144
68,144
69,144
70,144
71,144
72,144
73,144
74,144
75,144
76,144
77,144
78,144
79,144
80,144
81,144
82,144
83,144
84,144
85,144
86,144
87,144
88,144
89,144
90,144
91,144
92,144
65,145
66,145
67,145
68,145
69,145
70,145
71,145
72,145
73,145
74,145
75,145
76,145
77,145
78,145
79,145
80,145
81,145
82,145
83,145
84,145
85,145
86,145
87,145
88,145
89,145
90,145
91,145
92,145
1022,145
66,146
67,146
68,146
69,146
70,146
71,146
72,146
73,146
74,146
75,146
76,146
77,146
78,146
79,146
80,146
81,146
88,146
89,146
90,146
91,146
1022,146
88,147
89,147
90,147
91,147
88,148
89,148
90,148
91,148
88,149
89,149
90,149
91,149
92,149
88,150
89,150
90,150
91,150
92,150
87,151
88,151
89,151
90,151
91,151
86,152
87,152
88,152
89,152
90,152
91,152
86,153
87,153
88,153
89,153
90,153
1022,153
86,154
87,154
88,154
89,154
90,154
86,155
87,155
88,155
89,155
1022,155
86,156
87,156
88,156
89,156
90,156
86,157
87,157
88,157
89,157
90,157
86,158
87,158
88,158
89,158
90,158
86,159
87,159
88,159
89,159
86,160
87,160
88,160
89,160
86,161
87,161
88,161
86,162
87,162
88,162
86,163
87,163
88,163
89,163
86,164
87,164
88,164
89,164
86,165
87,165
88,165
89,165
86,166
87,166
88,166
86,167
87,167
88,167
1022,167
86,168
87,168
88,168
1022,168
86,169
87,169
88,169
1022,169
86,170
87,170
88,170
1022,170
86,171
87,171
88,171
1022,171
86,172
87,172
88,172
1022,172
86,173
87,173
88,173
86,174
87,174
88,174
86,175
87,175
88,175
86,176
87,176
88,176
86,177
87,177
88,177
86,178
87,178
88,178
623,178
624,178
625,178
626,178
627,178
628,178
629,178
630,178
631,178
632,178
633,178
634,178
635,178
636,178
637,178
638,178
639,178
640,178
641,178
642,178
643,178
644,178
645,178
646,178
647,178
648,178
649,178
650,178
651,178
652,178
653,178
654,178
655,178
656,178
657,178
658,178
86,179
87,179
88,179
620,179
621,179
622,179
623,179
624,179
625,179
626,179
627,179
628,179
629,179
630,179
631,179
632,179
633,179
634,179
635,179
636,179
637,179
638,179
639,179
640,179
641,179
642,179
643,179
644,179
645,179
646,179
649,179
650,179
651,179
652,179
653,179
654,179
655,179
656,179
657,179
658,179
659,179
660,179
661,179
662,179
663,179
1022,179
86,180
87,180
88,180
614,180
615,180
616,180
617,180
618,180
619,180
620,180
621,180
622,180
623,180
624,180
625,180
654,180
655,180
656,180
657,180
658,180
659,180
660,180
661,180
662,180
663,180
664,180
665,180
666,180
667,180
668,180
669,180
670,180
671,180
1022,180
86,181
87,181
88,181
611,181
612,181
613,181
614,181
615,181
616,181
617,181
618,181
619,181
620,181
621,181
622,181
659,181
660,181
661,181
662,181
663,181
664,181
665,181
666,181
667,181
668,181
669,181
670,181
671,181
672,181
673,181
674,181
675,181
676,181
677,181
678,181
1022,181
86,182
87,182
88,182
608,182
609,182
610,182
611,182
612,182
613,182
614,182
615,182
616,182
617,182
618,182
619,182
664,182
665,182
666,182
667,182
670,182
671,182
672,182
673,182
674,182
675,182
676,182
677,182
678,182
679,182
680,182
681,182
682,182
683,182
684,182
685,182
1022,182
86,183
87,183
88,183
267,183
268,183
269,183
270,183
271,183
272,183
273,183
274,183
275,183
276,183
277,183
278,183
279,183
280,183
281,183
282,183
283,183
284,183
285,183
286,183
287,183
288,183
289,183
290,183
291,183
292,183
602,183
603,183
604,183
605,183
606,183
607,183
608,183
609,183
610,183
611,183
612,183
613,183
674,183
675,183
676,183
677,183
678,183
679,183
680,183
681,183
682,183
683,183
684,183
685,183
686,183
687,183
86,184
87,184
88,184
253,184
254,184
255,184
256,184
257,184
260,184
261,184
264,184
265,184
266,184
267,184
268,184
269,184
270,184
271,184
272,184
273,184
274,184
275,184
276,184
277,184
278,184
279,184
280,184
281,184
282,184
283,184
284,184
285,184
286,184
287,184
288,184
289,184
290,184
291,184
292,184
293,184
294,184
295,184
296,184
297,184
298,184
299,184
300,184
303,184
304,184
305,184
306,184
307,184
308,184
309,184
310,184
311,184
312,184
313,184
595,184
596,184
597,184
598,184
599,184
600,184
601,184
602,184
603,184
604,184
605,184
606,184
607,184
608,184
609,184
610,184
611,184
679,184
680,184
681,184
682,184
683,184
684,184
685,184
686,184
687,184
688,184
689,184
690,184
691,184
692,184
693,184
694,184
695,184
696,184
86,185
87,185
88,185
89,185
250,185
251,185
252,185
253,185
254,185
255,185
256,185
257,185
258,185
259,185
260,185
261,185
262,185
263,185
264,185
265,185
266,185
267,185
268,185
269,185
270,185
271,185
272,185
273,185
274,185
275,185
276,185
277,185
278,185
279,185
280,185
281,185
282,185
283,185
284,185
285,185
286,185
287,185
288,185
289,185
290,185
291,185
292,185
293,185
294,185
295,185
296,185
297,185
298,185
299,185
300,185
301,185
302,185
303,185
304,185
305,185
306,185
307,185
308,185
309,185
310,185
311,185
312,185
313,185
314,185
315,185
316,185
317,185
318,185
319,185
320,185
321,185
322,185
323,185
324,185
325,185
326,185
327,185
328,185
329,185
330,185
331,185
332,185
333,185
339,185
340,185
341,185
589,185
590,185
591,185
592,185
593,185
594,185
595,185
596,185
597,185
598,185
599,185
600,185
601,185
602,185
603,185
604,185
684,185
685,185
686,185
687,185
688,185
689,185
690,185
691,185
692,185
693,185
694,185
695,185
696,185
697,185
698,185
699,185
86,186
87,186
88,186
89,186
244,186
245,186
246,186
247,186
248,186
249,186
250,186
251,186
252,186
253,186
254,186
255,186
256,186
257,186
258,186
259,186
260,186
267,186
271,186
272,186
273,186
274,186
278,186
279,186
280,186
281,186
282,186
283,186
284,186
285,186
286,186
287,186
288,186
289,186
290,186
291,186
292,186
293,186
294,186
295,186
296,186
297,186
298,186
299,186
300,186
301,186
302,186
303,186
304,186
305,186
306,186
307,186
308,186
309,186
310,186
311,186
312,186
313,186
314,186
315,186
316,186
317,186
318,186
319,186
320,186
321,186
322,186
323,186
324,186
325,186
326,186
327,186
328,186
329,186
330,186
331,186
332,186
333,186
334,186
335,186
336,186
337,186
338,186
339,186
340,186
341,186
342,186
343,186
344,186
345,186
346,186
347,186
348,186
349,186
350,186
587,186
588,186
589,186
590,186
591,186
592,186
593,186
594,186
595,186
596,186
597,186
598,186
599,186
687,186
688,186
689,186
690,186
691,186
692,186
693,186
694,186
695,186
696,186
697,186
698,186
699,186
700,186
701,186
702,186
703,186
86,187
87,187
88,187
238,187
239,187
240,187
241,187
242,187
243,187
244,187
245,187
246,187
247,187
248,187
249,187
250,187
251,187
252,187
253,187
254,187
255,187
256,187
294,187
295,187
296,187
297,187
298,187
299,187
300,187
303,187
304,187
305,187
306,187
307,187
308,187
309,187
310,187
311,187
312,187
313,187
314,187
315,187
316,187
317,187
318,187
319,187
320,187
321,187
322,187
323,187
324,187
325,187
326,187
327,187
328,187
329,187
330,187
331,187
332,187
333,187
334,187
335,187
336,187
337,187
338,187
339,187
340,187
341,187
342,187
343,187
344,187
345,187
346,187
347,187
348,187
349,187
350,187
351,187
352,187
353,187
354,187
355,187
356,187
357,187
358,187
359,187
360,187
361,187
587,187
588,187
589,187
590,187
591,187
592,187
593,187
594,187
595,187
596,187
694,187
695,187
696,187
697,187
698,187
699,187
700,187
701,187
702,187
703,187
704,187
705,187
706,187
707,187
708,187
69,188
70,188
71,188
72,188
73,188
74,188
75,188
76,188
77,188
78,188
79,188
80,188
81,188
82,188
83,188
84,188
85,188
86,188
87,188
88,188
216,188
217,188
218,188
219,188
220,188
221,188
222,188
223,188
224,188
225,188
226,188
227,188
228,188
229,188
230,188
231,188
232,188
233,188
234,188
235,188
236,188
237,188
238,188
239,188
240,188
241,188
242,188
243,188
244,188
245,188
246,188
247,188
248,188
249,188
331,188
332,188
333,188
334,188
335,188
336,188
337,188
338,188
339,188
340,188
341,188
342,188
343,188
344,188
345,188
346,188
347,188
348,188
349,188
350,188
351,188
352,188
353,188
354,188
355,188
356,188
357,188
358,188
359,188
360,188
361,188
362,188
363,188
364,188
365,188
366,188
367,188
368,188
369,188
587,188
588,188
589,188
590,188
700,188
701,188
702,188
703,188
704,188
705,188
706,188
707,188
708,188
709,188
710,188
711,188
57,189
58,189
59,189
60,189
61,189
69,189
70,189
71,189
72,189
73,189
74,189
75,189
76,189
77,189
78,189
79,189
80,189
81,189
82,189
83,189
84,189
85,189
86,189
87,189
88,189
89,189
213,189
214,189
215,189
216,189
217,189
218,189
219,189
220,189
221,189
222,189
223,189
224,189
225,189
226,189
227,189
228,189
229,189
230,189
231,189
232,189
233,189
234,189
235,189
236,189
237,189
238,189
239,189
240,189
241,189
242,189
243,189
244,189
245,189
246,189
333,189
334,189
335,189
336,189
337,189
343,189
344,189
345,189
346,189
347,189
348,189
349,189
350,189
351,189
352,189
353,189
354,189
355,189
356,189
357,189
358,189
359,189
360,189
361,189
362,189
363,189
364,189
365,189
366,189
367,189
368,189
369,189
370,189
371,189
372,189
373,189
374,189
375,189
376,189
586,189
587,189
588,189
589,189
702,189
703,189
704,189
705,189
706,189
707,189
708,189
709,189
710,189
711,189
712,189
713,189
714,189
53,190
54,190
55,190
56,190
57,190
58,190
59,190
60,190
61,190
62,190
84,190
85,190
86,190
87,190
88,190
89,190
90,190
203,190
204,190
205,190
206,190
208,190
209,190
210,190
211,190
212,190
213,190
214,190
215,190
216,190
217,190
218,190
219,190
220,190
221,190
222,190
223,190
224,190
225,190
226,190
227,190
228,190
229,190
230,190
231,190
232,190
233,190
234,190
235,190
236,190
237,190
238,190
239,190
350,190
351,190
352,190
353,190
354,190
355,190
356,190
357,190
358,190
359,190
360,190
361,190
362,190
363,190
364,190
365,190
366,190
367,190
368,190
369,190
370,190
371,190
372,190
373,190
374,190
375,190
376,190
377,190
378,190
586,190
587,190
588,190
589,190
705,190
706,190
707,190
708,190
709,190
710,190
711,190
712,190
713,190
714,190
715,190
716,190
717,190
718,190
719,190
49,191
50,191
51,191
52,191
53,191
54,191
55,191
56,191
57,191
85,191
86,191
87,191
88,191
89,191
90,191
91,191
92,191
93,191
94,191
197,191
198,191
199,191
200,191
201,191
202,191
203,191
204,191
205,191
206,191
207,191
208,191
209,191
210,191
211,191
212,191
213,191
214,191
215,191
216,191
217,191
218,191
219,191
220,191
221,191
227,191
228,191
229,191
362,191
363,191
364,191
365,191
366,191
367,191
368,191
369,191
370,191
371,191
372,191
373,191
374,191
375,191
376,191
377,191
378,191
379,191
380,191
381,191
382,191
383,191
585,191
586,191
587,191
588,191
589,191
711,191
712,191
713,191
714,191
715,191
716,191
717,191
718,191
719,191
720,191
721,191
722,191
1022,191
43,192
44,192
45,192
46,192
47,192
48,192
49,192
50,192
51,192
52,192
53,192
54,192
88,192
89,192
90,192
91,192
92,192
93,192
94,192
95,192
96,192
192,192
193,192
194,192
195,192
196,192
197,192
198,192
199,192
200,192
201,192
202,192
203,192
204,192
205,192
206,192
207,192
208,192
209,192
210,192
214,192
374,192
375,192
376,192
377,192
378,192
379,192
380,192
381,192
382,192
383,192
384,192
385,192
386,192
387,192
388,192
389,192
390,192
585,192
586,192
587,192
588,192
589,192
712,192
713,192
714,192
715,192
716,192
717,192
718,192
719,192
720,192
721,192
722,192
723,192
724,192
1022,192
36,193
37,193
38,193
39,193
40,193
41,193
42,193
43,193
44,193
45,193
46,193
93,193
94,193
95,193
96,193
97,193
98,193
99,193
100,193
101,193
189,193
190,193
191,193
192,193
193,193
194,193
195,193
196,193
197,193
198,193
199,193
200,193
201,193
202,193
203,193
378,193
379,193
380,193
381,193
382,193
383,193
384,193
385,193
386,193
387,193
388,193
389,193
390,193
391,193
392,193
393,193
394,193
395,193
396,193
397,193
398,193
399,193
400,193
401,193
402,193
403,193
404,193
406,193
407,193
408,193
409,193
410,193
411,193
412,193
413,193
414,193
415,193
416,193
417,193
418,193
584,193
585,193
586,193
587,193
588,193
589,193
716,193
717,193
718,193
719,193
720,193
721,193
722,193
723,193
724,193
32,194
33,194
34,194
35,194
36,194
37,194
38,194
39,194
40,194
41,194
42,194
43,194
44,194
96,194
97,194
98,194
99,194
100,194
101,194
102,194
103,194
186,194
187,194
188,194
189,194
190,194
191,194
192,194
193,194
194,194
195,194
196,194
197,194
198,194
199,194
394,194
395,194
396,194
397,194
398,194
402,194
403,194
404,194
405,194
406,194
407,194
408,194
409,194
410,194
411,194
412,194
413,194
414,194
415,194
416,194
417,194
418,194
419,194
420,194
421,194
422,194
423,194
424,194
584,194
585,194
586,194
587,194
588,194
723,194
724,194
725,194
726,194
727,194
728,194
729,194
730,194
30,195
31,195
32,195
33,195
34,195
35,195
36,195
37,195
100,195
101,195
102,195
103,195
104,195
105,195
106,195
107,195
108,195
182,195
183,195
184,195
185,195
186,195
187,195
188,195
189,195
190,195
191,195
192,195
193,195
194,195
195,195
395,195
403,195
404,195
406,195
407,195
408,195
409,195
410,195
411,195
412,195
413,195
414,195
415,195
416,195
417,195
418,195
419,195
420,195
421,195
422,195
423,195
424,195
425,195
426,195
427,195
584,195
585,195
586,195
587,195
588,195
727,195
728,195
729,195
730,195
731,195
28,196
29,196
30,196
31,196
32,196
33,196
34,196
102,196
103,196
104,196
105,196
106,196
107,196
108,196
109,196
110,196
111,196
175,196
176,196
177,196
178,196
179,196
180,196
181,196
182,196
183,196
184,196
185,196
186,196
187,196
188,196
189,196
190,196
415,196
416,196
417,196
418,196
419,196
420,196
421,196
422,196
423,196
424,196
425,196
426,196
427,196
428,196
429,196
430,196
431,196
432,196
433,196
434,196
435,196
584,196
585,196
586,196
587,196
730,196
731,196
732,196
733,196
26,197
27,197
28,197
29,197
30,197
31,197
105,197
106,197
107,197
108,197
109,197
110,197
111,197
112,197
113,197
114,197
166,197
167,197
168,197
169,197
170,197
171,197
172,197
173,197
174,197
175,197
176,197
177,197
178,197
179,197
180,197
181,197
182,197
183,197
184,197
418,197
419,197
420,197
421,197
422,197
423,197
424,197
425,197
426,197
427,197
428,197
429,197
430,197
431,197
432,197
433,197
434,197
435,197
436,197
437,197
438,197
439,197
440,197
441,197
442,197
443,197
444,197
445,197
446,197
447,197
584,197
585,197
586,197
587,197
732,197
733,197
734,197
735,197
736,197
737,197
738,197
24,198
25,198
26,198
27,198
28,198
107,198
108,198
109,198
110,198
111,198
112,198
113,198
114,198
115,198
162,198
163,198
164,198
165,198
166,198
167,198
168,198
169,198
170,198
171,198
172,198
173,198
174,198
175,198
176,198
177,198
178,198
179,198
426,198
427,198
428,198
429,198
430,198
431,198
432,198
433,198
434,198
435,198
436,198
437,198
438,198
439,198
440,198
441,198
442,198
443,198
444,198
445,198
446,198
447,198
448,198
449,198
450,198
451,198
452,198
453,198
454,198
455,198
456,198
457,198
585,198
586,198
587,198
733,198
734,198
735,198
736,198
737,198
738,198
1022,198
22,199
23,199
24,199
25,199
26,199
108,199
109,199
110,199
111,199
112,199
113,199
114,199
115,199
116,199
117,199
159,199
160,199
161,199
162,199
163,199
164,199
165,199
166,199
167,199
168,199
169,199
170,199
171,199
172,199
173,199
174,199
432,199
433,199
434,199
435,199
436,199
437,199
438,199
439,199
440,199
441,199
442,199
443,199
444,199
445,199
446,199
447,199
448,199
449,199
450,199
451,199
452,199
453,199
454,199
455,199
456,199
457,199
458,199
459,199
460,199
461,199
462,199
463,199
464,199
465,199
471,199
586,199
587,199
588,199
736,199
737,199
738,199
739,199
740,199
741,199
1022,199
20,200
21,200
22,200
23,200
24,200
110,200
111,200
112,200
113,200
114,200
115,200
116,200
117,200
118,200
119,200
153,200
154,200
155,200
156,200
157,200
158,200
159,200
160,200
161,200
162,200
163,200
164,200
165,200
166,200
167,200
435,200
436,200
437,200
438,200
441,200
442,200
443,200
444,200
445,200
446,200
447,200
448,200
449,200
450,200
451,200
452,200
453,200
454,200
455,200
456,200
457,200
458,200
459,200
460,200
461,200
462,200
463,200
464,200
465,200
466,200
467,200
468,200
469,200
470,200
471,200
472,200
473,200
474,200
475,200
476,200
477,200
478,200
479,200
480,200
481,200
482,200
483,200
484,200
485,200
486,200
587,200
588,200
589,200
740,200
741,200
742,200
743,200
744,200
745,200
746,200
1022,200
18,201
19,201
20,201
21,201
22,201
23,201
112,201
113,201
114,201
115,201
116,201
117,201
118,201
119,201
120,201
151,201
152,201
153,201
154,201
155,201
156,201
157,201
158,201
159,201
160,201
161,201
162,201
163,201
164,201
165,201
166,201
448,201
449,201
450,201
451,201
452,201
453,201
454,201
455,201
456,201
457,201
458,201
459,201
460,201
461,201
462,201
463,201
464,201
465,201
466,201
467,201
468,201
469,201
470,201
471,201
472,201
473,201
474,201
475,201
476,201
477,201
478,201
479,201
480,201
481,201
482,201
483,201
484,201
485,201
486,201
487,201
488,201
489,201
490,201
491,201
587,201
588,201
589,201
741,201
742,201
743,201
744,201
745,201
746,201
747,201
17,202
18,202
19,202
20,202
21,202
22,202
113,202
114,202
115,202
116,202
117,202
118,202
119,202
120,202
121,202
147,202
148,202
149,202
150,202
151,202
152,202
153,202
154,202
155,202
156,202
157,202
158,202
159,202
160,202
161,202
457,202
458,202
459,202
460,202
461,202
462,202
463,202
464,202
465,202
466,202
467,202
468,202
469,202
470,202
471,202
472,202
473,202
474,202
475,202
476,202
477,202
478,202
479,202
480,202
481,202
482,202
483,202
484,202
485,202
486,202
487,202
488,202
489,202
490,202
491,202
492,202
493,202
494,202
495,202
496,202
497,202
498,202
499,202
500,202
501,202
502,202
503,202
587,202
588,202
589,202
590,202
743,202
744,202
745,202
746,202
747,202
748,202
749,202
750,202
16,203
17,203
18,203
19,203
20,203
21,203
116,203
117,203
118,203
119,203
120,203
121,203
122,203
123,203
144,203
145,203
146,203
147,203
148,203
149,203
150,203
151,203
152,203
153,203
154,203
155,203
156,203
157,203
158,203
462,203
463,203
464,203
465,203
466,203
467,203
468,203
469,203
470,203
471,203
472,203
473,203
474,203
475,203
476,203
477,203
478,203
479,203
480,203
481,203
482,203
483,203
484,203
485,203
486,203
487,203
488,203
489,203
490,203
491,203
492,203
493,203
494,203
495,203
496,203
497,203
498,203
499,203
500,203
501,203
502,203
503,203
504,203
505,203
506,203
507,203
508,203
509,203
510,203
511,203
588,203
589,203
590,203
591,203
745,203
746,203
747,203
748,203
749,203
750,203
751,203
15,204
16,204
17,204
18,204
19,204
117,204
118,204
119,204
120,204
121,204
122,204
123,204
124,204
140,204
141,204
142,204
143,204
144,204
145,204
146,204
147,204
148,204
149,204
150,204
151,204
152,204
153,204
481,204
482,204
483,204
484,204
489,204
490,204
491,204
492,204
493,204
494,204
495,204
496,204
497,204
498,204
499,204
500,204
501,204
502,204
503,204
504,204
505,204
506,204
507,204
508,204
509,204
510,204
511,204
512,204
513,204
588,204
589,204
590,204
591,204
592,204
747,204
748,204
749,204
750,204
751,204
752,204
14,205
15,205
16,205
17,205
18,205
118,205
119,205
120,205
121,205
122,205
123,205
124,205
125,205
138,205
139,205
140,205
141,205
142,205
143,205
144,205
145,205
146,205
147,205
148,205
149,205
150,205
491,205
492,205
493,205
494,205
495,205
496,205
497,205
498,205
499,205
500,205
501,205
502,205
503,205
504,205
505,205
506,205
507,205
508,205
509,205
510,205
511,205
512,205
513,205
514,205
515,205
516,205
589,205
590,205
591,205
592,205
750,205
751,205
752,205
753,205
754,205
755,205
756,205
757,205
13,206
14,206
15,206
16,206
120,206
121,206
122,206
123,206
124,206
125,206
126,206
135,206
136,206
137,206
138,206
139,206
140,206
141,206
142,206
143,206
144,206
145,206
146,206
505,206
506,206
507,206
508,206
509,206
510,206
511,206
512,206
513,206
514,206
515,206
516,206
517,206
518,206
519,206
520,206
590,206
591,206
592,206
593,206
753,206
754,206
755,206
756,206
757,206
758,206
12,207
13,207
14,207
15,207
122,207
123,207
124,207
125,207
126,207
127,207
128,207
133,207
134,207
135,207
136,207
137,207
138,207
139,207
140,207
141,207
142,207
143,207
144,207
145,207
513,207
514,207
515,207
516,207
517,207
518,207
519,207
520,207
521,207
522,207
523,207
524,207
525,207
526,207
591,207
592,207
593,207
754,207
755,207
756,207
757,207
758,207
759,207
760,207
11,208
12,208
13,208
14,208
15,208
123,208
124,208
125,208
126,208
127,208
128,208
129,208
130,208
131,208
132,208
133,208
134,208
135,208
136,208
137,208
138,208
139,208
517,208
518,208
519,208
520,208
521,208
522,208
523,208
524,208
525,208
526,208
527,208
528,208
529,208
530,208
531,208
532,208
591,208
592,208
593,208
594,208
756,208
757,208
758,208
759,208
760,208
11,209
12,209
13,209
124,209
125,209
126,209
127,209
128,209
129,209
130,209
131,209
132,209
133,209
134,209
135,209
136,209
522,209
523,209
524,209
525,209
526,209
527,209
528,209
529,209
530,209
531,209
532,209
533,209
534,209
535,209
592,209
593,209
594,209
595,209
757,209
758,209
759,209
760,209
761,209
10,210
11,210
12,210
13,210
124,210
125,210
126,210
127,210
128,210
129,210
130,210
131,210
132,210
133,210
134,210
528,210
529,210
530,210
531,210
532,210
533,210
534,210
535,210
536,210
537,210
538,210
539,210
593,210
594,210
595,210
758,210
759,210
760,210
761,210
762,210
9,211
10,211
11,211
12,211
123,211
124,211
125,211
126,211
127,211
128,211
129,211
130,211
131,211
534,211
535,211
536,211
537,211
538,211
539,211
540,211
541,211
542,211
543,211
544,211
593,211
594,211
595,211
596,211
759,211
760,211
761,211
762,211
763,211
9,212
10,212
11,212
121,212
122,212
123,212
124,212
125,212
126,212
127,212
128,212
129,212
130,212
131,212
536,212
537,212
538,212
539,212
540,212
541,212
542,212
543,212
544,212
545,212
546,212
547,212
548,212
549,212
550,212
551,212
552,212
594,212
595,212
596,212
597,212
759,212
760,212
761,212
762,212
763,212
764,212
1002,212
1003,212
1004,212
8,213
9,213
10,213
11,213
118,213
119,213
120,213
121,213
122,213
123,213
124,213
125,213
127,213
128,213
129,213
130,213
131,213
541,213
542,213
543,213
544,213
545,213
546,213
547,213
548,213
549,213
550,213
551,213
552,213
553,213
554,213
594,213
595,213
596,213
597,213
760,213
761,213
762,213
763,213
764,213
765,213
1003,213
1004,213
1005,213
1010,213
1011,213
1012,213
7,214
8,214
9,214
10,214
116,214
117,214
118,214
119,214
120,214
121,214
122,214
129,214
130,214
131,214
132,214
545,214
547,214
548,214
549,214
550,214
551,214
552,214
553,214
554,214
555,214
556,214
595,214
596,214
597,214
598,214
761,214
762,214
763,214
764,214
765,214
766,214
6,215
7,215
8,215
9,215
113,215
114,215
115,215
116,215
117,215
118,215
119,215
120,215
130,215
131,215
132,215
552,215
553,215
554,215
555,215
556,215
557,215
558,215
559,215
560,215
561,215
595,215
596,215
597,215
598,215
599,215
762,215
763,215
764,215
765,215
766,215
6,216
7,216
8,216
9,216
110,216
111,216
112,216
113,216
114,216
115,216
116,216
117,216
130,216
131,216
132,216
133,216
555,216
556,216
557,216
558,216
559,216
560,216
561,216
562,216
563,216
564,216
565,216
566,216
567,216
596,216
597,216
598,216
599,216
600,216
763,216
764,216
765,216
766,216
5,217
6,217
7,217
8,217
108,217
109,217
110,217
111,217
112,217
113,217
114,217
115,217
130,217
131,217
132,217
133,217
561,217
562,217
563,217
564,217
565,217
566,217
567,217
568,217
569,217
570,217
571,217
597,217
598,217
599,217
600,217
601,217
764,217
765,217
766,217
5,218
6,218
7,218
8,218
106,218
107,218
108,218
109,218
110,218
111,218
112,218
131,218
132,218
133,218
134,218
566,218
567,218
568,218
569,218
570,218
571,218
572,218
573,218
574,218
575,218
576,218
577,218
578,218
598,218
599,218
600,218
601,218
602,218
764,218
765,218
766,218
4,219
5,219
6,219
7,219
104,219
105,219
106,219
107,219
108,219
109,219
110,219
132,219
133,219
134,219
135,219
570,219
571,219
572,219
573,219
574,219
575,219
576,219
577,219
578,219
579,219
580,219
581,219
582,219
583,219
584,219
585,219
598,219
599,219
600,219
601,219
602,219
603,219
604,219
764,219
765,219
766,219
4,220
5,220
6,220
101,220
102,220
103,220
104,220
105,220
106,220
107,220
133,220
134,220
135,220
136,220
578,220
579,220
580,220
581,220
582,220
583,220
584,220
585,220
586,220
587,220
588,220
589,220
590,220
591,220
592,220
593,220
595,220
596,220
597,220
598,220
599,220
600,220
601,220
602,220
603,220
604,220
605,220
763,220
764,220
765,220
766,220
767,220
3,221
4,221
5,221
6,221
96,221
97,221
98,221
99,221
100,221
101,221
102,221
103,221
104,221
105,221
134,221
135,221
136,221
137,221
585,221
586,221
587,221
588,221
589,221
590,221
591,221
592,221
593,221
594,221
595,221
596,221
597,221
598,221
599,221
600,221
601,221
602,221
603,221
604,221
605,221
606,221
607,221
764,221
765,221
766,221
767,221
4,222
5,222
6,222
93,222
94,222
95,222
96,222
97,222
98,222
99,222
100,222
101,222
102,222
135,222
136,222
137,222
138,222
588,222
589,222
590,222
591,222
592,222
593,222
594,222
595,222
596,222
597,222
598,222
599,222
600,222
601,222
602,222
603,222
604,222
605,222
606,222
607,222
608,222
609,222
610,222
611,222
612,222
613,222
614,222
615,222
616,222
765,222
766,222
767,222
1022,222
4,223
5,223
6,223
90,223
91,223
92,223
93,223
94,223
95,223
96,223
97,223
98,223
99,223
100,223
135,223
136,223
137,223
138,223
593,223
594,223
595,223
596,223
597,223
598,223
599,223
600,223
601,223
602,223
603,223
604,223
605,223
606,223
607,223
608,223
609,223
610,223
611,223
612,223
613,223
614,223
615,223
616,223
617,223
618,223
619,223
620,223
621,223
765,223
766,223
767,223
768,223
3,224
4,224
5,224
88,224
89,224
90,224
91,224
92,224
93,224
94,224
136,224
137,224
138,224
139,224
600,224
601,224
602,224
603,224
604,224
605,224
606,224
607,224
608,224
609,224
610,224
611,224
612,224
613,224
614,224
615,224
616,224
617,224
618,224
619,224
620,224
621,224
622,224
623,224
624,224
625,224
626,224
627,224
628,224
766,224
767,224
768,224
4,225
5,225
84,225
85,225
86,225
87,225
88,225
89,225
90,225
91,225
92,225
137,225
138,225
139,225
140,225
605,225
606,225
607,225
608,225
609,225
610,225
611,225
612,225
613,225
614,225
615,225
616,225
617,225
618,225
619,225
620,225
621,225
622,225
623,225
624,225
625,225
626,225
627,225
628,225
629,225
630,225
631,225
632,225
633,225
634,225
766,225
767,225
768,225
4,226
5,226
83,226
84,226
85,226
86,226
87,226
88,226
89,226
90,226
137,226
138,226
139,226
140,226
606,226
607,226
608,226
609,226
610,226
611,226
612,226
613,226
614,226
615,226
623,226
624,226
625,226
627,226
628,226
629,226
630,226
631,226
632,226
633,226
634,226
635,226
636,226
637,226
638,226
766,226
767,226
768,226
769,226
788,226
793,226
794,226
795,226
798,226
799,226
800,226
801,226
802,226
803,226
804,226
805,226
806,226
807,226
808,226
809,226
810,226
811,226
812,226
813,226
815,226
816,226
817,226
818,226
819,226
820,226
821,226
822,226
823,226
824,226
825,226
826,226
4,227
5,227
81,227
82,227
83,227
84,227
85,227
86,227
87,227
138,227
139,227
140,227
141,227
607,227
608,227
609,227
610,227
611,227
612,227
613,227
614,227
615,227
630,227
631,227
632,227
633,227
634,227
635,227
636,227
637,227
638,227
639,227
640,227
641,227
642,227
643,227
644,227
645,227
766,227
767,227
768,227
769,227
770,227
771,227
772,227
773,227
774,227
775,227
776,227
777,227
778,227
779,227
780,227
781,227
782,227
783,227
784,227
785,227
786,227
787,227
788,227
789,227
790,227
791,227
792,227
793,227
794,227
795,227
796,227
797,227
798,227
799,227
800,227
801,227
802,227
803,227
804,227
805,227
806,227
807,227
808,227
809,227
810,227
811,227
812,227
813,227
814,227
815,227
816,227
817,227
818,227
819,227
820,227
821,227
822,227
823,227
824,227
825,227
826,227
827,227
828,227
829,227
830,227
3,228
4,228
5,228
78,228
79,228
80,228
81,228
82,228
83,228
84,228
85,228
139,228
140,228
141,228
608,228
609,228
610,228
611,228
612,228
613,228
614,228
615,228
616,228
636,228
637,228
638,228
639,228
640,228
641,228
642,228
643,228
644,228
645,228
646,228
647,228
648,228
649,228
650,228
651,228
652,228
653,228
654,228
655,228
656,228
657,228
755,228
756,228
757,228
758,228
759,228
764,228
765,228
766,228
767,228
768,228
769,228
770,228
771,228
772,228
773,228
774,228
775,228
776,228
777,228
778,228
779,228
780,228
781,228
782,228
783,228
784,228
785,228
786,228
787,228
788,228
789,228
790,228
791,228
792,228
793,228
794,228
795,228
796,228
797,228
798,228
799,228
800,228
801,228
802,228
803,228
804,228
805,228
806,228
807,228
808,228
809,228
810,228
811,228
812,228
813,228
814,228
815,228
816,228
817,228
818,228
819,228
820,228
821,228
822,228
823,228
824,228
825,228
826,228
827,228
828,228
829,228
830,228
831,228
832,228
833,228
834,228
835,228
836,228
837,228
838,228
839,228
840,228
841,228
842,228
843,228
844,228
3,229
4,229
5,229
77,229
78,229
79,229
80,229
81,229
82,229
83,229
139,229
140,229
141,229
142,229
610,229
611,229
612,229
613,229
614,229
615,229
616,229
617,229
618,229
646,229
647,229
648,229
649,229
650,229
651,229
652,229
653,229
654,229
655,229
656,229
657,229
658,229
659,229
660,229
661,229
662,229
663,229
664,229
665,229
666,229
667,229
668,229
669,229
670,229
671,229
750,229
751,229
752,229
753,229
754,229
755,229
756,229
757,229
758,229
759,229
760,229
761,229
762,229
763,229
764,229
765,229
766,229
767,229
768,229
769,229
770,229
771,229
772,229
773,229
774,229
775,229
776,229
777,229
778,229
779,229
780,229
781,229
782,229
783,229
784,229
785,229
786,229
787,229
788,229
789,229
790,229
791,229
792,229
793,229
794,229
795,229
796,229
797,229
798,229
799,229
830,229
831,229
832,229
833,229
834,229
835,229
836,229
837,229
838,229
839,229
840,229
841,229
842,229
843,229
844,229
845,229
846,229
847,229
848,229
849,229
850,229
851,229
852,229
853,229
854,229
3,230
4,230
5,230
75,230
76,230
77,230
78,230
79,230
80,230
140,230
141,230
142,230
611,230
612,230
613,230
614,230
615,230
616,230
617,230
618,230
619,230
620,230
654,230
655,230
656,230
657,230
658,230
659,230
660,230
661,230
662,230
663,230
664,230
665,230
666,230
667,230
668,230
669,230
670,230
671,230
672,230
673,230
674,230
675,230
676,230
677,230
678,230
679,230
680,230
681,230
682,230
683,230
684,230
730,230
731,230
732,230
733,230
734,230
735,230
745,230
746,230
747,230
748,230
749,230
750,230
751,230
752,230
753,230
754,230
755,230
756,230
757,230
758,230
759,230
760,230
761,230
762,230
763,230
764,230
765,230
766,230
767,230
768,230
769,230
770,230
771,230
772,230
773,230
774,230
775,230
776,230
777,230
778,230
779,230
780,230
781,230
782,230
783,230
784,230
785,230
786,230
787,230
788,230
789,230
790,230
791,230
792,230
793,230
794,230
795,230
796,230
797,230
798,230
799,230
800,230
801,230
802,230
834,230
835,230
836,230
837,230
838,230
839,230
840,230
841,230
842,230
843,230
844,230
845,230
846,230
847,230
848,230
849,230
850,230
851,230
852,230
853,230
854,230
855,230
856,230
857,230
869,230
3,231
4,231
5,231
74,231
75,231
76,231
77,231
78,231
140,231
141,231
142,231
143,231
614,231
615,231
616,231
617,231
618,231
619,231
620,231
621,231
622,231
672,231
673,231
674,231
675,231
676,231
677,231
678,231
679,231
680,231
681,231
682,231
683,231
684,231
685,231
686,231
687,231
688,231
689,231
690,231
691,231
692,231
693,231
694,231
695,231
696,231
697,231
698,231
699,231
700,231
701,231
702,231
703,231
704,231
705,231
706,231
707,231
708,231
709,231
710,231
711,231
712,231
713,231
714,231
715,231
716,231
717,231
718,231
719,231
720,231
721,231
722,231
723,231
724,231
725,231
726,231
727,231
728,231
729,231
730,231
731,231
732,231
733,231
734,231
735,231
736,231
737,231
738,231
739,231
740,231
741,231
742,231
743,231
744,231
745,231
746,231
747,231
748,231
749,231
750,231
751,231
752,231
753,231
754,231
755,231
756,231
757,231
758,231
759,231
760,231
761,231
762,231
763,231
764,231
765,231
766,231
767,231
768,231
769,231
770,231
771,231
789,231
790,231
794,231
795,231
796,231
797,231
798,231
799,231
800,231
801,231
802,231
803,231
804,231
805,231
847,231
848,231
849,231
850,231
851,231
852,231
853,231
854,231
855,231
856,231
857,231
858,231
859,231
860,231
861,231
862,231
863,231
864,231
865,231
866,231
867,231
868,231
869,231
870,231
3,232
4,232
5,232
6,232
72,232
73,232
74,232
75,232
76,232
77,232
140,232
141,232
142,232
143,232
616,232
617,232
618,232
619,232
620,232
621,232
622,232
623,232
694,232
695,232
696,232
697,232
698,232
699,232
700,232
701,232
702,232
703,232
704,232
705,232
706,232
707,232
708,232
709,232
710,232
711,232
712,232
713,232
714,232
715,232
716,232
717,232
718,232
719,232
720,232
721,232
722,232
723,232
724,232
725,232
726,232
727,232
728,232
729,232
730,232
731,232
732,232
733,232
734,232
735,232
736,232
737,232
738,232
739,232
740,232
741,232
742,232
743,232
744,232
745,232
746,232
747,232
748,232
749,232
767,232
768,232
769,232
770,232
801,232
802,232
803,232
804,232
805,232
806,232
807,232
857,232
858,232
859,232
862,232
863,232
864,232
865,232
866,232
867,232
868,232
869,232
870,232
871,232
872,232
873,232
874,232
875,232
876,232
877,232
878,232
3,233
4,233
5,233
6,233
70,233
71,233
72,233
73,233
74,233
75,233
140,233
141,233
142,233
143,233
618,233
619,233
620,233
621,233
622,233
623,233
624,233
767,233
768,233
769,233
770,233
803,233
804,233
805,233
806,233
807,233
808,233
809,233
810,233
811,233
869,233
870,233
871,233
872,233
873,233
874,233
875,233
876,233
877,233
878,233
879,233
880,233
881,233
882,233
883,233
3,234
4,234
5,234
6,234
68,234
69,234
70,234
71,234
72,234
73,234
141,234
142,234
143,234
619,234
620,234
621,234
622,234
623,234
624,234
625,234
626,234
766,234
767,234
768,234
769,234
806,234
807,234
808,234
809,234
810,234
811,234
812,234
872,234
873,234
874,234
875,234
876,234
877,234
878,234
879,234
880,234
881,234
882,234
883,234
884,234
885,234
886,234
887,234
888,234
889,234
890,234
891,234
892,234
893,234
894,234
895,234
1022,234
3,235
4,235
5,235
66,235
67,235
68,235
69,235
70,235
71,235
72,235
141,235
142,235
143,235
621,235
622,235
623,235
624,235
625,235
626,235
627,235
628,235
765,235
766,235
767,235
768,235
769,235
810,235
811,235
812,235
873,235
875,235
876,235
877,235
878,235
879,235
880,235
881,235
882,235
883,235
884,235
885,235
886,235
887,235
888,235
889,235
890,235
891,235
892,235
893,235
894,235
895,235
896,235
897,235
898,235
899,235
900,235
901,235
902,235
903,235
904,235
905,235
906,235
907,235
908,235
909,235
910,235
911,235
3,236
4,236
5,236
64,236
65,236
66,236
67,236
68,236
69,236
141,236
142,236
143,236
622,236
623,236
624,236
625,236
626,236
627,236
628,236
629,236
763,236
764,236
765,236
766,236
767,236
768,236
880,236
881,236
882,236
883,236
884,236
885,236
886,236
887,236
888,236
889,236
890,236
891,236
892,236
893,236
894,236
895,236
896,236
897,236
898,236
899,236
900,236
901,236
902,236
903,236
904,236
905,236
906,236
907,236
908,236
909,236
910,236
911,236
912,236
913,236
914,236
915,236
916,236
917,236
918,236
919,236
920,236
921,236
922,236
923,236
924,236
925,236
926,236
927,236
928,236
932,236
933,236
3,237
4,237
5,237
62,237
63,237
64,237
65,237
66,237
67,237
68,237
141,237
142,237
143,237
624,237
625,237
626,237
627,237
628,237
629,237
630,237
631,237
763,237
764,237
765,237
766,237
767,237
893,237
894,237
895,237
896,237
897,237
898,237
899,237
900,237
901,237
902,237
903,237
904,237
905,237
906,237
907,237
908,237
909,237
910,237
911,237
912,237
913,237
914,237
915,237
916,237
917,237
918,237
919,237
920,237
921,237
922,237
923,237
924,237
925,237
926,237
927,237
928,237
929,237
930,237
931,237
932,237
933,237
934,237
935,237
936,237
937,237
938,237
939,237
3,238
4,238
5,238
60,238
61,238
62,238
63,238
64,238
65,238
66,238
141,238
142,238
143,238
626,238
627,238
628,238
629,238
630,238
631,238
632,238
633,238
760,238
761,238
762,238
763,238
764,238
765,238
766,238
767,238
899,238
900,238
901,238
902,238
903,238
904,238
905,238
906,238
907,238
908,238
909,238
910,238
911,238
912,238
913,238
914,238
915,238
916,238
917,238
918,238
919,238
920,238
921,238
922,238
923,238
924,238
925,238
926,238
927,238
928,238
929,238
930,238
931,238
932,238
933,238
934,238
935,238
936,238
937,238
938,238
939,238
940,238
941,238
942,238
943,238
944,238
945,238
946,238
947,238
948,238
949,238
956,238
957,238
958,238
959,238
960,238
961,238
3,239
4,239
5,239
58,239
59,239
60,239
61,239
62,239
63,239
140,239
141,239
142,239
143,239
628,239
629,239
630,239
631,239
632,239
633,239
634,239
635,239
759,239
760,239
761,239
762,239
763,239
764,239
765,239
766,239
910,239
911,239
912,239
913,239
914,239
915,239
916,239
917,239
918,239
919,239
920,239
921,239
922,239
923,239
924,239
925,239
926,239
927,239
928,239
929,239
930,239
931,239
932,239
933,239
934,239
935,239
936,239
937,239
938,239
939,239
940,239
941,239
944,239
945,239
946,239
947,239
948,239
949,239
950,239
955,239
956,239
957,239
958,239
959,239
960,239
961,239
962,239
963,239
964,239
965,239
966,239
2,240
3,240
4,240
5,240
6,240
56,240
57,240
58,240
59,240
60,240
61,240
62,240
140,240
141,240
142,240
143,240
630,240
631,240
632,240
633,240
634,240
635,240
636,240
637,240
638,240
639,240
757,240
758,240
759,240
760,240
761,240
762,240
763,240
764,240
765,240
956,240
957,240
958,240
959,240
960,240
961,240
962,240
963,240
964,240
965,240
966,240
967,240
968,240
969,240
970,240
971,240
972,240
973,240
2,241
3,241
4,241
5,241
6,241
52,241
53,241
54,241
55,241
56,241
57,241
58,241
59,241
60,241
140,241
141,241
142,241
143,241
464,241
631,241
632,241
633,241
634,241
635,241
636,241
637,241
638,241
639,241
640,241
641,241
755,241
756,241
757,241
758,241
759,241
760,241
761,241
762,241
763,241
764,241
957,241
958,241
959,241
960,241
961,241
962,241
963,241
964,241
965,241
966,241
967,241
968,241
969,241
970,241
971,241
972,241
973,241
974,241
975,241
976,241
977,241
978,241
979,241
980,241
981,241
982,241
983,241
984,241
3,242
4,242
5,242
6,242
48,242
49,242
50,242
51,242
52,242
53,242
54,242
55,242
56,242
57,242
58,242
140,242
141,242
142,242
463,242
464,242
465,242
633,242
634,242
635,242
636,242
637,242
638,242
639,242
640,242
641,242
642,242
643,242
644,242
647,242
753,242
754,242
755,242
756,242
757,242
758,242
759,242
760,242
761,242
762,242
963,242
964,242
965,242
966,242
967,242
968,242
969,242
970,242
971,242
972,242
973,242
974,242
975,242
976,242
977,242
978,242
979,242
980,242
981,242
982,242
983,242
984,242
985,242
986,242
987,242
988,242
989,242
990,242
991,242
992,242
4,243
5,243
6,243
46,243
47,243
48,243
49,243
50,243
51,243
52,243
53,243
54,243
55,243
56,243
140,243
141,243
142,243
464,243
465,243
637,243
638,243
639,243
640,243
641,243
642,243
643,243
644,243
645,243
646,243
647,243
648,243
649,243
650,243
651,243
748,243
749,243
750,243
751,243
752,243
753,243
754,243
755,243
756,243
757,243
758,243
759,243
760,243
967,243
968,243
969,243
970,243
971,243
972,243
973,243
974,243
975,243
976,243
977,243
978,243
979,243
980,243
981,243
982,243
983,243
984,243
985,243
986,243
987,243
988,243
989,243
990,243
991,243
992,243
993,243
994,243
4,244
5,244
6,244
44,244
45,244
46,244
47,244
48,244
49,244
50,244
140,244
141,244
142,244
639,244
640,244
641,244
642,244
643,244
644,244
645,244
646,244
647,244
648,244
649,244
650,244
651,244
652,244
653,244
654,244
655,244
656,244
747,244
748,244
749,244
750,244
751,244
752,244
753,244
754,244
755,244
756,244
757,244
758,244
976,244
977,244
978,244
979,244
980,244
981,244
982,244
983,244
984,244
985,244
986,244
987,244
988,244
989,244
990,244
991,244
992,244
993,244
994,244
995,244
996,244
997,244
998,244
999,244
1000,244
1001,244
1002,244
4,245
5,245
6,245
42,245
43,245
44,245
45,245
46,245
47,245
48,245
140,245
141,245
142,245
642,245
643,245
644,245
645,245
646,245
647,245
648,245
649,245
650,245
651,245
652,245
653,245
654,245
655,245
656,245
657,245
658,245
659,245
660,245
661,245
662,245
663,245
664,245
665,245
666,245
741,245
742,245
743,245
744,245
745,245
746,245
747,245
748,245
749,245
750,245
751,245
752,245
754,245
988,245
989,245
990,245
991,245
992,245
993,245
994,245
995,245
996,245
997,245
998,245
999,245
1000,245
1001,245
1002,245
1003,245
4,246
5,246
6,246
40,246
41,246
42,246
43,246
44,246
45,246
139,246
140,246
141,246
142,246
646,246
647,246
648,246
649,246
650,246
651,246
652,246
653,246
654,246
655,246
656,246
657,246
658,246
659,246
660,246
661,246
662,246
663,246
664,246
665,246
666,246
667,246
668,246
669,246
670,246
671,246
732,246
733,246
734,246
735,246
736,246
737,246
738,246
739,246
740,246
741,246
742,246
743,246
745,246
746,246
747,246
749,246
996,246
997,246
998,246
999,246
1000,246
1001,246
1002,246
1003,246
1004,246
1005,246
1006,246
1007,246
4,247
5,247
6,247
37,247
38,247
39,247
40,247
41,247
42,247
43,247
139,247
140,247
141,247
651,247
652,247
653,247
654,247
655,247
656,247
657,247
658,247
659,247
660,247
661,247
662,247
663,247
664,247
665,247
666,247
667,247
668,247
669,247
670,247
671,247
672,247
673,247
674,247
675,247
676,247
677,247
678,247
717,247
718,247
719,247
720,247
721,247
722,247
723,247
724,247
725,247
726,247
727,247
728,247
729,247
730,247
731,247
732,247
733,247
734,247
735,247
736,247
737,247
738,247
739,247
740,247
998,247
999,247
1000,247
1001,247
1002,247
1003,247
1004,247
1005,247
1006,247
1007,247
1008,247
1009,247
4,248
5,248
6,248
7,248
36,248
37,248
38,248
39,248
40,248
41,248
139,248
140,248
141,248
656,248
657,248
658,248
659,248
660,248
661,248
662,248
663,248
664,248
665,248
666,248
667,248
668,248
669,248
670,248
671,248
672,248
673,248
674,248
675,248
676,248
677,248
678,248
679,248
680,248
681,248
682,248
683,248
684,248
685,248
686,248
687,248
688,248
689,248
690,248
691,248
692,248
693,248
694,248
695,248
696,248
697,248
698,248
699,248
700,248
701,248
702,248
703,248
704,248
705,248
706,248
707,248
708,248
709,248
710,248
711,248
712,248
713,248
714,248
715,248
716,248
717,248
718,248
719,248
720,248
721,248
722,248
723,248
724,248
725,248
726,248
727,248
730,248
731,248
1002,248
1003,248
1004,248
1005,248
1006,248
1007,248
1008,248
1009,248
1010,248
1011,248
4,249
5,249
6,249
34,249
35,249
36,249
37,249
38,249
39,249
138,249
139,249
140,249
666,249
667,249
668,249
669,249
670,249
671,249
672,249
673,249
674,249
675,249
676,249
677,249
678,249
679,249
680,249
681,249
682,249
683,249
684,249
685,249
686,249
687,249
688,249
689,249
690,249
691,249
692,249
693,249
694,249
695,249
696,249
697,249
698,249
699,249
700,249
701,249
702,249
703,249
704,249
705,249
706,249
707,249
708,249
709,249
710,249
711,249
712,249
713,249
714,249
715,249
716,249
717,249
1005,249
1006,249
1007,249
1008,249
1009,249
1010,249
1011,249
1012,249
1013,249
4,250
5,250
6,250
7,250
33,250
34,250
35,250
36,250
37,250
138,250
139,250
140,250
676,250
677,250
678,250
679,250
680,250
681,250
682,250
683,250
684,250
685,250
686,250
687,250
688,250
689,250
690,250
691,250
692,250
693,250
694,250
695,250
696,250
697,250
698,250
699,250
700,250
701,250
702,250
703,250
704,250
705,250
706,250
707,250
708,250
709,250
710,250
711,250
712,250
713,250
714,250
1007,250
1008,250
1009,250
1010,250
1011,250
1012,250
1013,250
1014,250
1015,250
4,251
5,251
6,251
7,251
32,251
33,251
34,251
35,251
138,251
139,251
140,251
679,251
680,251
681,251
682,251
683,251
684,251
685,251
686,251
687,251
688,251
689,251
690,251
691,251
692,251
693,251
694,251
695,251
696,251
697,251
698,251
699,251
700,251
701,251
702,251
703,251
704,251
705,251
706,251
1010,251
1011,251
1012,251
1013,251
1014,251
1015,251
1016,251
4,252
5,252
6,252
7,252
8,252
30,252
31,252
32,252
33,252
34,252
137,252
138,252
139,252
1012,252
1013,252
1014,252
1015,252
1016,252
1017,252
1018,252
5,253
6,253
7,253
8,253
28,253
29,253
30,253
31,253
32,253
137,253
138,253
139,253
1014,253
1015,253
1016,253
1017,253
1018,253
1019,253
5,254
6,254
7,254
8,254
9,254
27,254
28,254
29,254
30,254
31,254
136,254
137,254
138,254
139,254
1014,254
1015,254
1016,254
1017,254
1018,254
1019,254
6,255
7,255
8,255
9,255
10,255
26,255
27,255
28,255
29,255
30,255
136,255
137,255
138,255
139,255
1016,255
1017,255
1018,255
1019,255
1020,255
1021,255
6,256
7,256
8,256
9,256
10,256
11,256
24,256
25,256
26,256
27,256
28,256
135,256
136,256
137,256
1017,256
1018,256
1019,256
1020,256
1021,256
7,257
8,257
9,257
10,257
11,257
12,257
23,257
24,257
25,257
26,257
27,257
134,257
135,257
136,257
137,257
1018,257
1019,257
1020,257
1021,257
8,258
9,258
10,258
11,258
12,258
13,258
22,258
23,258
24,258
25,258
26,258
133,258
134,258
135,258
136,258
1018,258
1019,258
1020,258
1021,258
1022,258
9,259
10,259
11,259
12,259
13,259
14,259
21,259
22,259
23,259
24,259
25,259
26,259
132,259
133,259
134,259
135,259
136,259
1019,259
1020,259
1021,259
1022,259
11,260
12,260
13,260
14,260
15,260
16,260
20,260
21,260
22,260
23,260
24,260
130,260
131,260
132,260
133,260
134,260
135,260
1019,260
1020,260
1021,260
1022,260
1023,260
12,261
13,261
14,261
15,261
16,261
17,261
18,261
19,261
20,261
21,261
22,261
23,261
130,261
131,261
132,261
133,261
134,261
1021,261
1022,261
1023,261
13,262
14,262
15,262
16,262
17,262
18,262
19,262
20,262
21,262
22,262
128,262
129,262
130,262
131,262
132,262
133,262
1021,262
1022,262
14,263
15,263
16,263
17,263
18,263
19,263
20,263
21,263
22,263
126,263
127,263
128,263
129,263
130,263
131,263
132,263
15,264
16,264
17,264
18,264
19,264
20,264
21,264
22,264
125,264
126,264
127,264
128,264
129,264
130,264
131,264
132,264
14,265
15,265
16,265
17,265
18,265
19,265
20,265
21,265
22,265
23,265
24,265
123,265
124,265
125,265
126,265
127,265
128,265
129,265
130,265
13,266
14,266
15,266
16,266
17,266
18,266
19,266
20,266
21,266
22,266
23,266
24,266
25,266
26,266
121,266
122,266
123,266
124,266
125,266
126,266
127,266
128,266
129,266
11,267
12,267
13,267
14,267
15,267
16,267
17,267
18,267
19,267
20,267
21,267
22,267
23,267
24,267
25,267
26,267
27,267
28,267
118,267
119,267
120,267
121,267
122,267
123,267
124,267
125,267
126,267
127,267
10,268
11,268
12,268
13,268
14,268
15,268
22,268
23,268
24,268
25,268
26,268
27,268
28,268
29,268
30,268
116,268
117,268
118,268
119,268
120,268
121,268
122,268
123,268
124,268
9,269
10,269
11,269
12,269
13,269
14,269
15,269
24,269
25,269
26,269
27,269
28,269
29,269
30,269
31,269
32,269
33,269
34,269
63,269
64,269
112,269
113,269
114,269
115,269
116,269
117,269
118,269
119,269
120,269
121,269
122,269
123,269
9,270
10,270
11,270
12,270
13,270
14,270
27,270
28,270
29,270
30,270
31,270
32,270
33,270
34,270
35,270
36,270
37,270
38,270
62,270
63,270
64,270
65,270
66,270
110,270
111,270
112,270
113,270
114,270
115,270
116,270
117,270
118,270
119,270
120,270
9,271
10,271
11,271
12,271
13,271
29,271
30,271
31,271
32,271
33,271
34,271
35,271
36,271
37,271
38,271
39,271
40,271
41,271
42,271
43,271
44,271
45,271
62,271
63,271
64,271
65,271
66,271
67,271
105,271
106,271
107,271
108,271
109,271
110,271
111,271
112,271
113,271
114,271
115,271
116,271
117,271
118,271
8,272
9,272
10,272
11,272
12,272
31,272
32,272
33,272
34,272
35,272
36,272
37,272
38,272
39,272
40,272
41,272
42,272
43,272
44,272
45,272
46,272
47,272
48,272
49,272
50,272
63,272
64,272
65,272
66,272
67,272
68,272
69,272
100,272
101,272
102,272
103,272
104,272
105,272
106,272
107,272
108,272
109,272
110,272
111,272
112,272
113,272
114,272
115,272
116,272
7,273
8,273
9,273
10,273
11,273
35,273
36,273
37,273
38,273
39,273
40,273
41,273
42,273
43,273
44,273
45,273
46,273
47,273
48,273
49,273
50,273
51,273
64,273
65,273
66,273
67,273
68,273
69,273
70,273
71,273
72,273
73,273
99,273
100,273
101,273
102,273
103,273
104,273
105,273
106,273
107,273
108,273
109,273
110,273
111,273
112,273
6,274
7,274
8,274
9,274
10,274
11,274
39,274
40,274
41,274
42,274
43,274
44,274
45,274
46,274
47,274
48,274
49,274
50,274
51,274
52,274
64,274
65,274
66,274
67,274
68,274
69,274
70,274
71,274
72,274
73,274
74,274
75,274
76,274
77,274
78,274
79,274
80,274
81,274
82,274
92,274
93,274
94,274
95,274
96,274
97,274
98,274
99,274
100,274
101,274
102,274
103,274
104,274
105,274
106,274
107,274
108,274
109,274
5,275
6,275
7,275
8,275
9,275
10,275
43,275
44,275
45,275
46,275
47,275
48,275
49,275
50,275
51,275
66,275
67,275
68,275
69,275
70,275
71,275
72,275
73,275
74,275
75,275
76,275
77,275
78,275
79,275
80,275
81,275
82,275
83,275
84,275
85,275
86,275
90,275
91,275
92,275
93,275
94,275
95,275
96,275
97,275
98,275
99,275
100,275
101,275
102,275
103,275
104,275
105,275
5,276
6,276
7,276
8,276
9,276
69,276
70,276
71,276
72,276
73,276
74,276
75,276
76,276
77,276
78,276
79,276
80,276
81,276
82,276
83,276
84,276
85,276
86,276
87,276
88,276
89,276
90,276
91,276
92,276
93,276
94,276
95,276
96,276
97,276
98,276
99,276
100,276
101,276
102,276
4,277
5,277
6,277
7,277
8,277
73,277
74,277
75,277
76,277
77,277
78,277
79,277
80,277
81,277
82,277
83,277
84,277
85,277
86,277
87,277
88,277
89,277
90,277
91,277
92,277
93,277
94,277
95,277
96,277
3,278
4,278
5,278
6,278
7,278
8,278
81,278
82,278
83,278
84,278
85,278
86,278
87,278
90,278
91,278
2,279
3,279
4,279
5,279
6,279
7,279
8,279
1,280
2,280
3,280
4,280
5,280
6,280
7,280
0,281
1,281
2,281
3,281
4,281
5,281
6,281
391,281
392,281
393,281
394,281
395,281
396,281
397,281
407,281
408,281
409,281
410,281
411,281
412,281
413,281
414,281
415,281
416,281
417,281
418,281
419,281
420,281
421,281
422,281
423,281
0,282
1,282
2,282
3,282
4,282
5,282
376,282
377,282
378,282
379,282
380,282
381,282
382,282
383,282
384,282
385,282
386,282
388,282
389,282
390,282
391,282
392,282
393,282
394,282
395,282
396,282
397,282
398,282
399,282
400,282
401,282
402,282
403,282
404,282
405,282
406,282
407,282
408,282
409,282
410,282
411,282
412,282
413,282
414,282
415,282
416,282
417,282
418,282
419,282
420,282
421,282
422,282
423,282
424,282
425,282
426,282
427,282
428,282
429,282
430,282
431,282
434,282
435,282
0,283
1,283
2,283
3,283
375,283
376,283
377,283
378,283
379,283
380,283
381,283
382,283
383,283
384,283
385,283
386,283
387,283
388,283
389,283
390,283
391,283
392,283
393,283
394,283
395,283
396,283
397,283
398,283
399,283
400,283
401,283
402,283
403,283
404,283
405,283
406,283
407,283
408,283
409,283
410,283
411,283
412,283
413,283
414,283
415,283
416,283
417,283
418,283
419,283
420,283
421,283
422,283
423,283
424,283
425,283
426,283
427,283
428,283
429,283
430,283
431,283
432,283
433,283
434,283
435,283
436,283
437,283
438,283
439,283
440,283
0,284
1,284
2,284
372,284
373,284
374,284
375,284
376,284
377,284
378,284
379,284
380,284
381,284
382,284
383,284
384,284
385,284
386,284
387,284
388,284
389,284
390,284
391,284
392,284
393,284
394,284
395,284
396,284
397,284
398,284
399,284
400,284
401,284
402,284
403,284
404,284
405,284
406,284
407,284
408,284
411,284
412,284
421,284
422,284
423,284
424,284
425,284
426,284
427,284
428,284
429,284
430,284
431,284
432,284
433,284
434,284
435,284
436,284
437,284
438,284
439,284
440,284
441,284
442,284
443,284
444,284
445,284
446,284
0,285
1,285
2,285
371,285
372,285
373,285
374,285
375,285
376,285
377,285
378,285
379,285
380,285
381,285
382,285
383,285
384,285
385,285
386,285
387,285
388,285
433,285
434,285
435,285
436,285
437,285
438,285
439,285
440,285
441,285
442,285
443,285
444,285
445,285
446,285
447,285
448,285
449,285
450,285
451,285
369,286
370,286
371,286
372,286
373,286
374,286
375,286
437,286
438,286
439,286
441,286
442,286
443,286
444,286
445,286
446,286
447,286
448,286
449,286
450,286
451,286
452,286
453,286
368,287
369,287
370,287
371,287
372,287
373,287
445,287
446,287
447,287
448,287
449,287
450,287
451,287
452,287
453,287
454,287
455,287
456,287
457,287
363,288
364,288
365,288
366,288
367,288
368,288
369,288
370,288
371,288
372,288
450,288
451,288
452,288
453,288
454,288
455,288
456,288
457,288
458,288
459,288
362,289
363,289
364,289
365,289
366,289
367,289
368,289
369,289
370,289
371,289
452,289
453,289
454,289
455,289
456,289
457,289
458,289
459,289
460,289
461,289
462,289
463,289
556,289
557,289
558,289
559,289
560,289
561,289
562,289
563,289
564,289
567,289
568,289
569,289
361,290
362,290
363,290
364,290
365,290
366,290
367,290
368,290
369,290
456,290
457,290
458,290
459,290
460,290
461,290
462,290
463,290
464,290
465,290
466,290
467,290
537,290
538,290
539,290
540,290
541,290
542,290
543,290
544,290
545,290
546,290
547,290
548,290
549,290
550,290
551,290
552,290
553,290
554,290
555,290
556,290
557,290
558,290
559,290
560,290
561,290
562,290
563,290
564,290
565,290
566,290
567,290
568,290
569,290
570,290
571,290
572,290
575,290
0,291
1,291
358,291
359,291
360,291
361,291
362,291
363,291
364,291
365,291
366,291
367,291
459,291
460,291
461,291
462,291
463,291
464,291
465,291
466,291
467,291
468,291
469,291
471,291
496,291
497,291
498,291
499,291
500,291
501,291
502,291
503,291
504,291
505,291
506,291
507,291
508,291
509,291
510,291
511,291
512,291
513,291
514,291
515,291
516,291
517,291
518,291
519,291
520,291
521,291
522,291
523,291
524,291
525,291
526,291
527,291
528,291
529,291
530,291
531,291
532,291
533,291
534,291
535,291
536,291
537,291
538,291
539,291
540,291
541,291
542,291
543,291
544,291
545,291
546,291
547,291
548,291
549,291
550,291
551,291
552,291
553,291
554,291
555,291
556,291
557,291
558,291
559,291
560,291
561,291
562,291
563,291
564,291
565,291
566,291
567,291
568,291
569,291
570,291
571,291
572,291
573,291
574,291
575,291
576,291
577,291
578,291
579,291
580,291
581,291
582,291
583,291
584,291
585,291
586,291
1020,291
1021,291
0,292
1,292
356,292
357,292
358,292
359,292
360,292
361,292
362,292
363,292
364,292
464,292
465,292
466,292
467,292
468,292
469,292
470,292
471,292
472,292
473,292
474,292
475,292
476,292
489,292
490,292
491,292
492,292
493,292
494,292
495,292
496,292
497,292
498,292
499,292
500,292
501,292
502,292
503,292
504,292
505,292
506,292
507,292
508,292
509,292
510,292
511,292
512,292
513,292
514,292
515,292
516,292
517,292
518,292
519,292
520,292
521,292
522,292
523,292
524,292
525,292
526,292
527,292
528,292
529,292
530,292
531,292
532,292
533,292
534,292
535,292
536,292
537,292
538,292
539,292
540,292
541,292
542,292
543,292
544,292
545,292
546,292
547,292
548,292
549,292
550,292
551,292
552,292
553,292
554,292
555,292
556,292
557,292
558,292
559,292
560,292
561,292
562,292
563,292
564,292
565,292
566,292
567,292
568,292
569,292
570,292
571,292
572,292
573,292
574,292
575,292
576,292
577,292
578,292
579,292
580,292
581,292
582,292
583,292
584,292
585,292
586,292
587,292
588,292
1017,292
1018,292
1019,292
1020,292
1021,292
0,293
1,293
355,293
356,293
357,293
358,293
359,293
360,293
361,293
466,293
467,293
468,293
469,293
470,293
471,293
472,293
473,293
474,293
475,293
476,293
477,293
478,293
479,293
480,293
481,293
482,293
483,293
484,293
485,293
486,293
487,293
488,293
489,293
490,293
491,293
492,293
493,293
494,293
495,293
496,293
497,293
498,293
499,293
500,293
501,293
502,293
503,293
504,293
505,293
506,293
508,293
509,293
510,293
511,293
512,293
513,293
514,293
515,293
516,293
517,293
518,293
519,293
520,293
521,293
522,293
523,293
524,293
525,293
526,293
527,293
528,293
529,293
530,293
531,293
532,293
533,293
534,293
535,293
536,293
572,293
573,293
574,293
575,293
576,293
577,293
578,293
579,293
580,293
581,293
582,293
583,293
584,293
585,293
586,293
587,293
588,293
589,293
590,293
591,293
592,293
593,293
1016,293
1017,293
1018,293
1019,293
1020,293
0,294
1,294
353,294
354,294
355,294
356,294
357,294
358,294
359,294
470,294
471,294
472,294
473,294
474,294
475,294
476,294
477,294
478,294
479,294
480,294
481,294
482,294
483,294
484,294
485,294
486,294
487,294
488,294
489,294
490,294
491,294
492,294
493,294
494,294
495,294
496,294
497,294
498,294
499,294
500,294
578,294
579,294
580,294
581,294
582,294
583,294
584,294
585,294
586,294
587,294
588,294
589,294
590,294
591,294
592,294
593,294
594,294
595,294
596,294
1014,294
1015,294
1016,294
1017,294
1018,294
1019,294
0,295
1,295
351,295
352,295
353,295
354,295
355,295
356,295
357,295
476,295
477,295
478,295
479,295
480,295
481,295
482,295
483,295
484,295
485,295
486,295
487,295
488,295
587,295
588,295
589,295
590,295
591,295
592,295
593,295
594,295
595,295
596,295
597,295
598,295
1013,295
1014,295
1015,295
1016,295
1017,295
0,296
1,296
348,296
349,296
350,296
351,296
352,296
353,296
354,296
355,296
589,296
590,296
591,296
592,296
593,296
594,296
595,296
596,296
597,296
598,296
599,296
600,296
601,296
602,296
1011,296
1012,296
1013,296
1014,296
0,297
1,297
346,297
347,297
348,297
349,297
350,297
351,297
352,297
353,297
592,297
593,297
594,297
595,297
596,297
597,297
598,297
599,297
600,297
601,297
602,297
603,297
604,297
605,297
606,297
607,297
608,297
1009,297
1010,297
1011,297
1012,297
1013,297
344,298
345,298
346,298
347,298
348,298
349,298
350,298
351,298
596,298
597,298
598,298
599,298
600,298
601,298
602,298
603,298
604,298
605,298
606,298
607,298
608,298
609,298
610,298
1008,298
1009,298
1010,298
1011,298
1012,298
341,299
342,299
343,299
344,299
345,299
346,299
347,299
348,299
599,299
600,299
601,299
602,299
603,299
604,299
605,299
606,299
607,299
608,299
609,299
610,299
611,299
612,299
613,299
614,299
996,299
1007,299
1008,299
1009,299
1010,299
339,300
340,300
341,300
342,300
343,300
344,300
345,300
346,300
347,300
601,300
602,300
603,300
604,300
605,300
606,300
607,300
608,300
609,300
610,300
611,300
612,300
613,300
614,300
615,300
616,300
617,300
618,300
619,300
897,300
898,300
899,300
900,300
901,300
902,300
903,300
904,300
905,300
906,300
907,300
910,300
911,300
912,300
913,300
914,300
915,300
916,300
917,300
918,300
919,300
920,300
921,300
922,300
923,300
924,300
925,300
926,300
927,300
928,300
929,300
930,300
931,300
932,300
933,300
934,300
935,300
936,300
937,300
938,300
939,300
940,300
941,300
942,300
943,300
944,300
945,300
946,300
949,300
950,300
979,300
980,300
981,300
982,300
983,300
984,300
985,300
986,300
987,300
988,300
989,300
990,300
991,300
992,300
993,300
994,300
995,300
996,300
997,300
998,300
999,300
1000,300
1002,300
1003,300
1004,300
1005,300
1006,300
1007,300
1008,300
1009,300
337,301
338,301
339,301
340,301
341,301
342,301
343,301
344,301
607,301
608,301
609,301
610,301
611,301
612,301
613,301
614,301
615,301
616,301
617,301
618,301
619,301
620,301
621,301
622,301
623,301
624,301
625,301
871,301
872,301
873,301
874,301
875,301
876,301
877,301
878,301
879,301
880,301
881,301
882,301
883,301
884,301
885,301
886,301
887,301
888,301
889,301
890,301
891,301
892,301
893,301
894,301
895,301
896,301
897,301
898,301
899,301
900,301
901,301
902,301
903,301
904,301
905,301
906,301
907,301
908,301
909,301
910,301
911,301
912,301
913,301
914,301
915,301
916,301
917,301
918,301
919,301
920,301
921,301
922,301
923,301
924,301
925,301
926,301
927,301
928,301
929,301
930,301
931,301
932,301
933,301
934,301
935,301
936,301
937,301
938,301
939,301
940,301
941,301
942,301
943,301
944,301
945,301
946,301
947,301
948,301
949,301
950,301
951,301
952,301
953,301
954,301
955,301
956,301
957,301
958,301
969,301
970,301
971,301
973,301
974,301
975,301
976,301
977,301
978,301
979,301
980,301
981,301
982,301
983,301
984,301
985,301
986,301
987,301
988,301
989,301
990,301
991,301
992,301
993,301
994,301
995,301
996,301
997,301
998,301
999,301
1000,301
1001,301
1002,301
1003,301
1004,301
1005,301
1006,301
1007,301
1008,301
335,302
336,302
337,302
338,302
339,302
340,302
341,302
342,302
610,302
611,302
612,302
613,302
614,302
615,302
616,302
617,302
618,302
619,302
620,302
621,302
622,302
623,302
624,302
625,302
626,302
627,302
628,302
629,302
630,302
631,302
632,302
633,302
855,302
856,302
857,302
858,302
859,302
860,302
861,302
862,302
863,302
864,302
865,302
866,302
867,302
868,302
869,302
870,302
871,302
872,302
873,302
874,302
875,302
876,302
877,302
878,302
879,302
880,302
881,302
882,302
883,302
884,302
885,302
886,302
887,302
888,302
889,302
890,302
891,302
892,302
893,302
894,302
895,302
896,302
897,302
898,302
899,302
900,302
901,302
902,302
903,302
904,302
905,302
906,302
907,302
908,302
909,302
910,302
911,302
912,302
913,302
914,302
915,302
916,302
917,302
918,302
919,302
920,302
921,302
922,302
923,302
924,302
925,302
926,302
927,302
928,302
929,302
930,302
931,302
932,302
933,302
934,302
935,302
936,302
937,302
938,302
939,302
940,302
941,302
942,302
943,302
944,302
945,302
946,302
947,302
948,302
949,302
950,302
951,302
952,302
953,302
954,302
955,302
956,302
957,302
958,302
959,302
960,302
961,302
962,302
963,302
964,302
965,302
966,302
967,302
968,302
969,302
970,302
971,302
972,302
973,302
974,302
975,302
976,302
977,302
978,302
979,302
980,302
981,302
982,302
983,302
984,302
985,302
986,302
987,302
988,302
989,302
990,302
991,302
992,302
993,302
994,302
995,302
996,302
332,303
333,303
334,303
335,303
336,303
337,303
338,303
339,303
613,303
614,303
615,303
616,303
617,303
618,303
619,303
620,303
621,303
622,303
623,303
624,303
625,303
626,303
627,303
628,303
629,303
630,303
631,303
632,303
633,303
634,303
635,303
636,303
637,303
638,303
639,303
640,303
641,303
817,303
822,303
825,303
826,303
827,303
828,303
829,303
830,303
831,303
832,303
833,303
834,303
835,303
836,303
837,303
838,303
839,303
840,303
841,303
842,303
843,303
844,303
845,303
846,303
847,303
848,303
849,303
850,303
851,303
852,303
853,303
854,303
855,303
856,303
857,303
858,303
859,303
860,303
861,303
862,303
863,303
864,303
865,303
866,303
867,303
868,303
869,303
870,303
871,303
872,303
873,303
874,303
875,303
876,303
877,303
878,303
879,303
880,303
881,303
882,303
883,303
884,303
885,303
886,303
887,303
888,303
889,303
890,303
891,303
892,303
893,303
894,303
895,303
896,303
897,303
898,303
902,303
903,303
904,303
905,303
906,303
907,303
924,303
925,303
926,303
927,303
928,303
931,303
932,303
954,303
955,303
956,303
957,303
958,303
959,303
960,303
961,303
962,303
963,303
964,303
965,303
966,303
967,303
968,303
969,303
970,303
971,303
972,303
973,303
974,303
975,303
976,303
977,303
985,303
986,303
987,303
988,303
989,303
990,303
991,303
992,303
330,304
331,304
332,304
333,304
334,304
335,304
336,304
337,304
338,304
619,304
620,304
621,304
622,304
623,304
624,304
625,304
626,304
627,304
628,304
629,304
630,304
631,304
632,304
633,304
634,304
635,304
636,304
637,304
638,304
639,304
640,304
641,304
642,304
643,304
644,304
810,304
811,304
812,304
813,304
814,304
815,304
816,304
817,304
818,304
819,304
820,304
821,304
822,304
823,304
824,304
825,304
826,304
827,304
828,304
829,304
830,304
831,304
832,304
833,304
834,304
835,304
836,304
837,304
838,304
839,304
840,304
841,304
842,304
843,304
844,304
845,304
846,304
847,304
848,304
849,304
850,304
851,304
852,304
853,304
854,304
855,304
856,304
857,304
858,304
859,304
860,304
861,304
862,304
863,304
864,304
865,304
866,304
867,304
868,304
869,304
870,304
871,304
872,304
873,304
874,304
329,305
330,305
331,305
332,305
333,305
334,305
335,305
336,305
624,305
625,305
626,305
627,305
628,305
629,305
630,305
631,305
632,305
633,305
634,305
635,305
636,305
637,305
638,305
639,305
640,305
641,305
642,305
643,305
644,305
645,305
646,305
647,305
648,305
651,305
652,305
653,305
654,305
655,305
656,305
657,305
658,305
659,305
660,305
661,305
803,305
804,305
805,305
806,305
807,305
808,305
809,305
810,305
811,305
812,305
813,305
814,305
815,305
816,305
817,305
818,305
819,305
820,305
821,305
822,305
823,305
824,305
825,305
826,305
827,305
828,305
829,305
830,305
831,305
832,305
833,305
834,305
835,305
836,305
837,305
838,305
839,305
840,305
841,305
842,305
843,305
844,305
845,305
846,305
847,305
848,305
849,305
850,305
851,305
852,305
853,305
854,305
855,305
856,305
857,305
858,305
859,305
860,305
861,305
862,305
863,305
864,305
865,305
866,305
867,305
868,305
869,305
870,305
871,305
872,305
873,305
327,306
328,306
329,306
330,306
331,306
332,306
633,306
634,306
635,306
636,306
637,306
638,306
639,306
640,306
641,306
642,306
643,306
644,306
645,306
646,306
647,306
648,306
649,306
650,306
651,306
652,306
653,306
654,306
655,306
656,306
657,306
658,306
659,306
660,306
661,306
662,306
663,306
664,306
665,306
798,306
799,306
800,306
801,306
802,306
803,306
804,306
805,306
806,306
807,306
808,306
809,306
810,306
811,306
812,306
813,306
814,306
815,306
816,306
817,306
818,306
819,306
820,306
821,306
822,306
823,306
824,306
825,306
826,306
827,306
828,306
829,306
830,306
831,306
832,306
833,306
834,306
835,306
836,306
837,306
838,306
839,306
840,306
841,306
842,306
843,306
844,306
845,306
846,306
847,306
848,306
849,306
850,306
851,306
852,306
853,306
854,306
855,306
856,306
325,307
326,307
327,307
328,307
329,307
330,307
331,307
647,307
648,307
649,307
650,307
651,307
652,307
653,307
654,307
655,307
656,307
657,307
658,307
659,307
660,307
661,307
662,307
663,307
664,307
665,307
666,307
667,307
668,307
669,307
670,307
671,307
672,307
673,307
674,307
675,307
676,307
677,307
791,307
792,307
793,307
795,307
796,307
797,307
798,307
799,307
800,307
801,307
802,307
803,307
804,307
805,307
806,307
807,307
808,307
809,307
810,307
811,307
812,307
813,307
814,307
815,307
816,307
817,307
323,308
324,308
325,308
326,308
327,308
328,308
329,308
651,308
652,308
653,308
654,308
655,308
656,308
657,308
658,308
659,308
660,308
661,308
662,308
663,308
664,308
665,308
666,308
667,308
668,308
669,308
670,308
671,308
672,308
673,308
674,308
675,308
676,308
677,308
678,308
679,308
680,308
681,308
682,308
683,308
684,308
685,308
686,308
687,308
688,308
689,308
690,308
788,308
789,308
790,308
791,308
792,308
793,308
794,308
795,308
796,308
797,308
798,308
799,308
800,308
801,308
802,308
803,308
804,308
805,308
806,308
807,308
808,308
809,308
321,309
322,309
323,309
324,309
325,309
326,309
327,309
328,309
661,309
662,309
663,309
664,309
665,309
666,309
667,309
668,309
669,309
670,309
671,309
672,309
673,309
674,309
675,309
676,309
677,309
678,309
679,309
680,309
681,309
682,309
683,309
684,309
685,309
686,309
687,309
688,309
689,309
690,309
691,309
692,309
693,309
694,309
695,309
696,309
782,309
783,309
784,309
785,309
786,309
787,309
788,309
789,309
790,309
791,309
792,309
793,309
794,309
795,309
796,309
797,309
798,309
799,309
800,309
801,309
802,309
803,309
1022,309
319,310
320,310
321,310
322,310
323,310
324,310
325,310
326,310
666,310
667,310
668,310
669,310
670,310
671,310
672,310
673,310
674,310
675,310
676,310
677,310
678,310
679,310
680,310
681,310
682,310
683,310
684,310
685,310
686,310
687,310
688,310
689,310
690,310
691,310
692,310
693,310
694,310
695,310
696,310
697,310
698,310
699,310
700,310
701,310
702,310
703,310
704,310
705,310
706,310
707,310
710,310
711,310
712,310
713,310
714,310
715,310
769,310
770,310
771,310
772,310
773,310
774,310
775,310
776,310
777,310
778,310
779,310
780,310
781,310
782,310
783,310
784,310
785,310
786,310
787,310
788,310
789,310
790,310
791,310
792,310
793,310
794,310
795,310
796,310
797,310
0,311
1,311
2,311
318,311
319,311
320,311
321,311
322,311
323,311
324,311
677,311
678,311
679,311
680,311
681,311
682,311
683,311
684,311
685,311
686,311
687,311
688,311
689,311
690,311
691,311
692,311
693,311
694,311
695,311
696,311
697,311
698,311
699,311
700,311
701,311
702,311
703,311
704,311
705,311
706,311
707,311
708,311
709,311
710,311
711,311
712,311
713,311
714,311
715,311
716,311
717,311
718,311
719,311
720,311
721,311
722,311
723,311
724,311
725,311
726,311
727,311
728,311
763,311
764,311
765,311
766,311
767,311
768,311
769,311
770,311
771,311
772,311
773,311
774,311
775,311
776,311
777,311
778,311
779,311
780,311
781,311
782,311
783,311
784,311
785,311
786,311
787,311
788,311
789,311
790,311
791,311
792,311
0,312
1,312
2,312
3,312
4,312
5,312
314,312
315,312
316,312
317,312
318,312
319,312
320,312
321,312
691,312
692,312
693,312
694,312
695,312
696,312
697,312
698,312
699,312
700,312
701,312
702,312
703,312
704,312
705,312
706,312
707,312
708,312
709,312
710,312
711,312
712,312
713,312
714,312
715,312
716,312
717,312
718,312
719,312
720,312
721,312
722,312
723,312
724,312
725,312
726,312
727,312
728,312
729,312
730,312
731,312
732,312
742,312
743,312
744,312
745,312
746,312
747,312
748,312
749,312
750,312
751,312
752,312
753,312
754,312
755,312
756,312
757,312
758,312
759,312
760,312
761,312
762,312
763,312
764,312
765,312
766,312
767,312
768,312
769,312
770,312
771,312
772,312
773,312
774,312
775,312
776,312
777,312
778,312
779,312
780,312
781,312
782,312
783,312
784,312
785,312
786,312
787,312
788,312
0,313
1,313
2,313
3,313
4,313
5,313
6,313
311,313
312,313
313,313
314,313
315,313
316,313
317,313
318,313
319,313
320,313
695,313
696,313
697,313
698,313
699,313
700,313
704,313
705,313
706,313
707,313
708,313
709,313
710,313
711,313
712,313
713,313
714,313
715,313
716,313
717,313
718,313
719,313
720,313
721,313
722,313
723,313
724,313
725,313
726,313
727,313
728,313
729,313
730,313
731,313
732,313
733,313
734,313
735,313
736,313
737,313
738,313
739,313
740,313
741,313
742,313
743,313
744,313
745,313
746,313
747,313
748,313
749,313
750,313
751,313
752,313
753,313
754,313
755,313
756,313
757,313
758,313
759,313
760,313
761,313
762,313
763,313
764,313
765,313
766,313
767,313
768,313
769,313
770,313
771,313
772,313
773,313
774,313
775,313
776,313
777,313
778,313
779,313
780,313
781,313
782,313
783,313
784,313
1,314
2,314
3,314
4,314
5,314
6,314
7,314
8,314
9,314
10,314
307,314
308,314
309,314
310,314
311,314
312,314
313,314
314,314
315,314
316,314
317,314
318,314
715,314
716,314
717,314
718,314
719,314
720,314
721,314
722,314
723,314
724,314
725,314
726,314
727,314
728,314
729,314
730,314
731,314
732,314
733,314
734,314
735,314
736,314
737,314
738,314
739,314
740,314
741,314
742,314
743,314
744,314
745,314
746,314
747,314
748,314
749,314
750,314
751,314
752,314
753,314
754,314
755,314
756,314
757,314
758,314
759,314
760,314
761,314
762,314
763,314
764,314
765,314
766,314
767,314
768,314
769,314
1,315
2,315
3,315
4,315
5,315
6,315
7,315
8,315
9,315
10,315
11,315
12,315
13,315
303,315
304,315
305,315
306,315
307,315
308,315
309,315
310,315
311,315
312,315
313,315
314,315
315,315
729,315
730,315
731,315
732,315
733,315
734,315
735,315
736,315
737,315
738,315
739,315
740,315
741,315
742,315
743,315
744,315
745,315
746,315
4,316
5,316
6,316
7,316
8,316
9,316
10,316
11,316
12,316
13,316
14,316
15,316
301,316
302,316
303,316
304,316
305,316
306,316
307,316
308,316
309,316
310,316
311,316
6,317
7,317
8,317
9,317
10,317
11,317
12,317
13,317
14,317
15,317
16,317
17,317
18,317
296,317
297,317
298,317
299,317
300,317
301,317
302,317
303,317
304,317
305,317
306,317
307,317
9,318
10,318
11,318
12,318
13,318
14,318
15,318
16,318
17,318
18,318
19,318
20,318
294,318
295,318
296,318
297,318
298,318
299,318
300,318
301,318
302,318
303,318
14,319
15,319
16,319
17,319
18,319
19,319
20,319
21,319
22,319
291,319
292,319
293,319
294,319
295,319
296,319
297,319
298,319
299,319
300,319
301,319
15,320
16,320
17,320
18,320
19,320
20,320
21,320
22,320
23,320
24,320
25,320
26,320
288,320
289,320
290,320
291,320
292,320
293,320
294,320
295,320
296,320
297,320
18,321
19,321
20,321
21,321
22,321
23,321
24,321
25,321
26,321
27,321
28,321
283,321
284,321
285,321
286,321
287,321
288,321
289,321
290,321
291,321
292,321
293,321
20,322
21,322
22,322
23,322
24,322
25,322
26,322
27,322
28,322
29,322
30,322
31,322
32,322
281,322
282,322
283,322
284,322
285,322
286,322
287,322
288,322
289,322
290,322
291,322
22,323
23,323
24,323
25,323
26,323
27,323
28,323
29,323
30,323
31,323
32,323
33,323
34,323
276,323
277,323
278,323
279,323
280,323
281,323
282,323
283,323
284,323
285,323
286,323
27,324
28,324
29,324
30,324
31,324
32,324
33,324
34,324
35,324
36,324
37,324
274,324
275,324
276,324
277,324
278,324
279,324
280,324
281,324
282,324
283,324
284,324
29,325
30,325
31,325
32,325
33,325
34,325
35,325
36,325
37,325
38,325
39,325
40,325
41,325
42,325
43,325
270,325
271,325
272,325
273,325
274,325
275,325
276,325
277,325
278,325
279,325
280,325
32,326
33,326
34,326
35,326
36,326
37,326
38,326
39,326
40,326
41,326
42,326
43,326
44,326
45,326
46,326
47,326
48,326
266,326
267,326
268,326
269,326
270,326
271,326
272,326
273,326
274,326
275,326
276,326
277,326
36,327
37,327
38,327
39,327
40,327
41,327
42,327
43,327
44,327
45,327
46,327
47,327
48,327
49,327
50,327
51,327
52,327
53,327
54,327
55,327
56,327
263,327
264,327
265,327
266,327
267,327
268,327
269,327
270,327
271,327
272,327
273,327
274,327
40,328
41,328
42,328
43,328
44,328
45,328
46,328
47,328
48,328
49,328
50,328
51,328
52,328
53,328
54,328
55,328
56,328
57,328
58,328
59,328
60,328
61,328
62,328
63,328
64,328
65,328
66,328
67,328
68,328
69,328
70,328
71,328
72,328
73,328
74,328
75,328
76,328
77,328
78,328
79,328
80,328
81,328
82,328
83,328
84,328
85,328
86,328
87,328
88,328
89,328
90,328
91,328
92,328
93,328
94,328
95,328
96,328
97,328
98,328
99,328
100,328
101,328
102,328
103,328
104,328
105,328
106,328
107,328
108,328
109,328
110,328
112,328
113,328
114,328
258,328
259,328
260,328
261,328
262,328
263,328
264,328
265,328
266,328
267,328
268,328
269,328
270,328
45,329
46,329
47,329
48,329
49,329
50,329
51,329
52,329
53,329
54,329
55,329
56,329
57,329
58,329
59,329
60,329
61,329
62,329
63,329
64,329
65,329
66,329
67,329
68,329
69,329
70,329
71,329
72,329
73,329
74,329
75,329
76,329
77,329
78,329
79,329
80,329
81,329
82,329
83,329
84,329
85,329
86,329
87,329
88,329
89,329
90,329
91,329
92,329
93,329
94,329
95,329
96,329
97,329
98,329
99,329
100,329
101,329
102,329
103,329
104,329
105,329
106,329
107,329
108,329
109,329
110,329
111,329
112,329
113,329
114,329
115,329
116,329
117,329
118,329
255,329
256,329
257,329
258,329
259,329
260,329
261,329
262,329
263,329
264,329
265,329
266,329
267,329
55,330
56,330
57,330
58,330
59,330
60,330
61,330
62,330
65,330
66,330
67,330
68,330
69,330
70,330
71,330
72,330
73,330
74,330
75,330
76,330
86,330
87,330
88,330
89,330
90,330
91,330
92,330
93,330
94,330
95,330
96,330
97,330
98,330
99,330
100,330
101,330
102,330
103,330
104,330
105,330
106,330
107,330
108,330
109,330
110,330
111,330
112,330
113,330
114,330
115,330
116,330
117,330
118,330
119,330
120,330
121,330
122,330
123,330
250,330
251,330
252,330
253,330
254,330
255,330
256,330
257,330
258,330
259,330
260,330
261,330
262,330
263,330
264,330
110,331
111,331
112,331
113,331
114,331
115,331
116,331
117,331
118,331
119,331
120,331
121,331
122,331
123,331
124,331
125,331
126,331
127,331
128,331
129,331
246,331
247,331
248,331
249,331
250,331
251,331
252,331
253,331
254,331
255,331
256,331
257,331
258,331
117,332
118,332
119,332
120,332
121,332
122,332
123,332
124,332
125,332
126,332
127,332
128,332
129,332
130,332
131,332
132,332
133,332
134,332
243,332
244,332
245,332
246,332
247,332
248,332
249,332
250,332
251,332
252,332
253,332
254,332
255,332
124,333
125,333
126,333
127,333
128,333
129,333
130,333
131,333
132,333
133,333
134,333
135,333
136,333
137,333
138,333
139,333
238,333
239,333
240,333
241,333
242,333
243,333
244,333
245,333
246,333
247,333
248,333
249,333
250,333
129,334
130,334
131,334
132,334
133,334
134,334
135,334
136,334
137,334
138,334
139,334
140,334
141,334
142,334
143,334
234,334
235,334
236,334
237,334
238,334
239,334
240,334
241,334
242,334
243,334
244,334
245,334
134,335
135,335
136,335
137,335
138,335
139,335
140,335
141,335
142,335
143,335
144,335
145,335
146,335
147,335
231,335
232,335
233,335
234,335
235,335
236,335
237,335
238,335
239,335
240,335
241,335
138,336
139,336
140,336
141,336
142,336
143,336
144,336
145,336
146,336
147,336
148,336
149,336
151,336
152,336
153,336
228,336
229,336
230,336
231,336
232,336
233,336
234,336
235,336
236,336
237,336
238,336
141,337
142,337
143,337
144,337
145,337
146,337
147,337
148,337
149,337
150,337
151,337
152,337
153,337
154,337
155,337
156,337
157,337
158,337
227,337
228,337
229,337
230,337
231,337
232,337
233,337
234,337
235,337
236,337
148,338
149,338
150,338
151,338
152,338
153,338
154,338
155,338
156,338
157,338
158,338
159,338
160,338
161,338
223,338
224,338
225,338
226,338
227,338
228,338
229,338
230,338
231,338
151,339
152,339
153,339
154,339
155,339
156,339
157,339
158,339
159,339
160,339
161,339
162,339
163,339
164,339
165,339
166,339
220,339
221,339
222,339
223,339
224,339
225,339
226,339
227,339
228,339
229,339
156,340
157,340
158,340
159,340
160,340
161,340
162,340
163,340
164,340
165,340
166,340
167,340
168,340
169,340
170,340
171,340
219,340
220,340
221,340
222,340
223,340
224,340
225,340
226,340
227,340
159,341
160,341
161,341
162,341
163,341
164,341
165,341
166,341
167,341
168,341
169,341
170,341
171,341
172,341
173,341
174,341
175,341
217,341
218,341
219,341
220,341
221,341
222,341
223,341
224,341
163,342
164,342
165,342
166,342
167,342
168,342
169,342
170,342
171,342
172,342
173,342
174,342
175,342
176,342
177,342
215,342
216,342
217,342
218,342
219,342
220,342
221,342
222,342
223,342
167,343
168,343
169,343
170,343
171,343
172,343
173,343
174,343
175,343
176,343
177,343
178,343
179,343
180,343
181,343
182,343
184,343
213,343
214,343
215,343
216,343
217,343
218,343
219,343
220,343
221,343
222,343
174,344
175,344
176,344
177,344
178,344
179,344
180,344
181,344
182,344
183,344
184,344
185,344
189,344
190,344
191,344
192,344
193,344
194,344
195,344
196,344
197,344
198,344
199,344
200,344
201,344
202,344
203,344
204,344
205,344
206,344
207,344
208,344
209,344
210,344
211,344
212,344
213,344
214,344
215,344
216,344
217,344
218,344
219,344
176,345
177,345
178,345
179,345
180,345
181,345
182,345
183,345
184,345
185,345
186,345
187,345
188,345
189,345
190,345
191,345
192,345
193,345
194,345
195,345
196,345
197,345
198,345
199,345
200,345
201,345
202,345
203,345
204,345
205,345
206,345
207,345
208,345
209,345
210,345
211,345
212,345
213,345
214,345
215,345
216,345
217,345
182,346
183,346
184,346
185,346
186,346
187,346
188,346
189,346
190,346
191,346
192,346
193,346
194,346
195,346
196,346
197,346
198,346
199,346
200,346
201,346
202,346
203,346
204,346
205,346
206,346
207,346
208,346
209,346
210,346
211,346
212,346
213,346
214,346
215,346
216,346
185,347
186,347
187,347
188,347
189,347
190,347
191,347
192,347
193,347
194,347
195,347
196,347
197,347
198,347
199,347
202,347
203,347
204,347
205,347
206,347
207,347
208,347
209,347
210,347
211,347
212,347
213,347
214,347
1022,364
1022,365
1022,366
1022,367
1022,368
1022,369
1023,369
1022,370
1022,373
1022,374
1022,375
1022,376
1022,377
1022,378
1022,379
1022,380
1022,381
1022,382
1023,394
1022,395
1023,395
1022,396
1023,396
1022,397
1023,397
1022,398
1023,398
1022,399
1023,399
1023,400
1023,401
1023,402
0,404
1023,407
1022,408
1023,408
1022,409
1023,409
1022,410
1023,410
1022,411
1023,411
1022,412
1023,412
1022,413
1023,413
1022,414
1023,414
1022,415
1023,415
1022,416
1023,416
1023,417
1023,418
1023,419
1023,420
1023,421
1023,422
1023,423
1022,424
1023,424
1022,425
1023,425
1022,426
1023,426
1022,427
1023,427
1022,428
1023,428
1022,429
1023,429
1022,430
1023,430
1022,431
1023,431
1022,432
1023,432
1022,433
1023,433
1022,434
1023,434
1022,435
1023,435
1022,436
1023,436
1022,437
1023,437
1022,438
1023,438
1022,439
1023,439
1022,440
1023,440
1022,441
1023,441
1022,442
1023,442
1022,443
1023,443
1022,444
1023,444
1022,445
1023,445
1022,446
1023,446
1022,447
1023,447
1022,448
1023,448
1022,449
1023,449
1022,450
1023,450
1022,451
1023,451
1022,452
1023,452
1022,453
1023,453
1022,454
1023,454
1022,455
1023,455
1022,456
1023,456
1022,457
1023,457
1023,458
1023,459
1022,460
1023,460
1022,461
1023,461
1022,462
1023,462
1022,463
1023,463
1022,464
1023,464
1022,465
1023,465
1022,466
1023,466
1022,467
1023,467
1022,468
1023,468
1022,469
1023,469
1022,470
1023,470
1022,471
1023,471
1022,472
1023,472
1022,473
1023,473
1022,474
1023,474
1022,475
1023,475
1022,476
1023,476
1022,477
1023,477
1023,478
1023,479
1023,480
1023,481
1023,482
1023,483
1023,484
1023,485
1023,486
1023,487
1023,488
1022,489
1023,489
1022,490
1023,490
1022,491
1023,491
1023,492
1023,493
1023,494
1023,495
1023,496
1023,497
1023,498
1023,499
1023,500
1023,501
1014,508
74,511
642,511
712,511
713,511
714,511
715,511
716,511
717,511
899,511
900,511
901,511
954,511
962,511
963,511
964,511
965,511
986,511
987,511
991,511
992,511
993,511
994,511
1009,511
